[FLY99],RAJ2000,DEJ2000,[WBD96],ABmag,z_spec,z_phot,Type
1,12 36 57.477,+62 12 10.56,3-965.111111,21.2,,0.72,1
2,12 37 00.265,+62 12 19.44,3-958.0,25.76,,0.92,3
3,12 36 59.796,+62 12 18.66,3-951.1,25.69,5.34,5.72,4
4,12 36 58.307,+62 12 14.12,3-957.0,23.29,1.02,1.04,4
5,12 37 00.697,+62 12 21.69,3-952.0,25.93,,1.32,2
6,12 36 57.447,+62 12 11.88,3-965.111112,23.28,,0.72,4
7,12 36 57.601,+62 12 12.39,3-965.112,23.16,,0.92,4
8,12 36 55.321,+62 12 05.44,3-946.0,25.77,,1.2,4
9,12 36 54.378,+62 12 02.56,3-950.1,24.65,,1.16,3
10,12 36 51.952,+62 11 55.40,3-956.111,23.71,,0.08,2
11,12 36 56.421,+62 12 09.23,3-943.0,23.27,0.321,0.12,3
12,12 36 44.739,+62 11 33.48,4-752.2,24.44,,0.88,1
13,12 36 57.167,+62 12 11.94,3-928.0,25.7,,1.64,2
14,12 36 42.280,+62 11 26.19,4-937.0,24.96,,0.64,4
15,12 36 58.703,+62 12 17.13,3-923.0,24.7,,0.4,3
16,12 36 55.518,+62 12 07.48,3-925.0,24.93,,0.92,4
17,12 36 44.376,+62 11 33.15,4-752.1,21.26,1.013,0.96,1
18,12 36 49.242,+62 11 48.49,4-284.0,22.95,0.961,1.0,2
19,12 36 58.296,+62 12 16.54,3-916.0,25.3,,2.32,4
20,12 36 53.116,+62 12 00.70,3-915.0,24.91,,1.72,4
21,12 36 48.294,+62 11 45.91,4-363.0,25.07,2.98,2.8,4
22,12 36 48.403,+62 11 46.45,4-349.0,25.31,,1.08,3
23,12 37 00.950,+62 12 25.28,3-920.1,25.8,,2.6,4
24,12 36 56.830,+62 12 12.64,3-907.0,27.46,,4.4,4
25,12 36 59.529,+62 12 21.15,3-908.2,24.51,,0.76,4
26,12 36 49.436,+62 11 50.19,4-264.2,26.89,,1.72,4
27,12 36 51.879,+62 11 58.01,3-902.2,27.87,,3.36,4
28,12 36 48.289,+62 11 47.02,4-352.0,26.93,,1.24,3
29,12 36 51.777,+62 11 57.77,3-902.1,26.29,,1.8,4
30,12 36 55.949,+62 12 10.67,3-904.0,24.61,,1.12,4
31,12 36 49.329,+62 11 50.65,4-264.1,24.43,,1.04,4
32,12 36 58.676,+62 12 19.48,3-887.0,26.93,,0.6,3
33,12 36 59.373,+62 12 21.65,3-908.1,24.04,,0.48,4
34,12 36 43.683,+62 11 33.35,4-792.0,27.26,,1.32,2
35,12 36 41.669,+62 11 27.19,4-970.0,25.7,,1.12,3
36,12 36 45.305,+62 11 38.55,4-631.0,25.45,,1.8,4
37,12 36 43.883,+62 11 34.21,4-776.0,24.79,,0.96,1
38,12 36 49.106,+62 11 50.56,4-274.0,25.39,,1.76,3
39,12 37 00.524,+62 12 25.78,3-888.1,24.4,,1.12,4
40,12 36 50.906,+62 11 56.48,4-81.0,27.03,,0.64,4
41,12 36 56.425,+62 12 13.52,3-877.0,27.46,,4.2,4
42,12 36 56.011,+62 12 12.27,3-880.0,26.98,,0.28,1
43,12 36 43.774,+62 11 34.59,4-784.0,26.5,,3.64,4
44,12 36 46.722,+62 11 43.75,4-477.0,27.81,,0.92,4
45,12 36 46.166,+62 11 42.09,4-550.0,21.26,1.012,1.04,3
46,12 36 43.406,+62 11 33.61,4-817.0,27.93,,1.36,4
47,12 36 52.911,+62 12 03.10,3-886.0,24.61,,1.24,4
48,12 37 00.086,+62 12 25.23,3-875.0,23.77,,2.04,4
49,12 36 52.641,+62 12 02.49,3-890.2,26.53,,1.8,4
50,12 36 46.860,+62 11 44.84,4-474.0,23.23,1.059,1.04,4
51,12 36 52.107,+62 12 01.16,3-869.0,26.45,,1.84,1
52,12 36 53.466,+62 12 05.40,3-866.0,27.23,,0.88,3
53,12 36 45.733,+62 11 41.72,4-560.0,27.79,,1.84,4
54,12 36 58.650,+62 12 21.71,3-863.0,23.36,0.681,0.72,4
55,12 36 41.974,+62 11 30.34,4-976.2,23.32,,0.2,4
56,12 36 56.672,+62 12 15.89,3-856.0,27.83,,1.4,4
57,12 36 51.088,+62 11 58.81,4-51.0,26.9,,3.0,4
58,12 36 54.048,+62 12 07.95,3-851.0,26.97,,0.76,2
59,12 37 00.386,+62 12 27.53,3-846.0,27.47,,1.64,4
60,12 36 59.100,+62 12 23.59,3-853.11,25.28,,3.88,4
61,12 36 55.899,+62 12 13.87,3-847.0,27.29,,1.12,4
62,12 36 58.963,+62 12 23.42,3-853.22,26.75,,0.36,3
63,12 36 49.797,+62 11 55.41,4-194.0,25.87,,2.64,4
64,12 36 48.942,+62 11 52.85,4-277.0,26.17,,4.32,4
65,12 36 58.909,+62 12 23.57,3-853.21,26.19,,1.72,4
66,12 36 43.267,+62 11 35.46,4-820.0,25.88,,1.12,3
67,12 36 52.756,+62 12 04.75,3-844.0,26.21,,0.68,2
68,12 36 44.398,+62 11 39.02,4-701.0,26.09,,1.44,4
69,12 36 46.525,+62 11 45.61,4-488.0,25.89,,1.84,4
70,12 36 56.002,+62 12 14.89,3-843.0,24.91,,1.4,4
71,12 36 45.640,+62 11 43.06,4-563.0,27.53,,4.36,2
72,12 36 46.644,+62 11 46.27,4-475.0,26.38,,3.56,4
73,12 37 00.581,+62 12 29.23,3-835.0,26.18,,0.68,3
74,12 36 48.042,+62 11 50.65,4-357.0,25.53,,1.44,4
75,12 36 54.394,+62 12 10.28,3-838.0,27.12,,1.92,4
76,12 36 57.220,+62 12 19.08,3-832.0,27.33,,4.32,4
77,12 36 54.053,+62 12 09.39,3-834.0,27.78,,0.0,2
78,12 36 46.137,+62 11 45.02,4-522.0,25.3,,1.04,4
79,12 36 49.339,+62 11 55.05,4-235.0,23.43,0.961,1.28,4
80,12 36 54.488,+62 12 10.94,3-830.0,27.52,,3.64,4
81,12 36 45.299,+62 11 42.89,4-618.0,23.94,,0.64,4
82,12 36 49.940,+62 11 57.30,4-163.0,27.11,,1.48,3
83,12 36 46.417,+62 11 46.45,4-489.0,27.45,,1.28,4
84,12 36 52.011,+62 12 03.85,3-828.0,26.77,,0.56,4
85,12 36 41.613,+62 11 31.82,4-976.1,19.76,0.089,0.08,4
86,12 36 43.161,+62 11 36.65,4-819.0,27.46,,3.16,4
87,12 36 53.097,+62 12 07.53,3-822.0,27.74,,0.36,3
88,12 37 01.055,+62 12 32.25,3-818.0,25.55,,1.24,4
89,12 36 50.816,+62 12 00.81,4-71.0,25.86,,0.52,4
90,12 36 43.696,+62 11 39.00,4-761.0,27.37,,3.84,4
91,12 36 42.287,+62 11 34.72,4-910.0,23.84,,0.76,3
92,12 36 47.439,+62 11 50.89,4-406.0,24.02,,1.12,3
93,12 36 59.235,+62 12 27.25,3-813.0,25.75,,2.64,4
94,12 36 45.181,+62 11 43.99,4-613.0,27.73,,1.32,4
95,12 36 56.606,+62 12 19.23,3-815.2,25.04,,1.2,4
96,12 36 58.626,+62 12 25.59,3-812.0,26.75,,1.56,4
97,12 36 42.913,+62 11 37.30,4-845.0,24.84,,1.28,4
98,12 36 45.645,+62 11 45.84,4-551.0,27.46,,3.6,4
99,12 36 44.452,+62 11 42.17,4-692.0,22.71,1.02,0.96,4
100,12 36 47.903,+62 11 52.87,4-354.0,27.05,,2.16,4
101,12 36 57.765,+62 12 23.24,3-810.0,27.1,,3.12,3
102,12 36 57.123,+62 12 21.52,3-803.0,27.95,,1.48,4
103,12 36 54.465,+62 12 13.41,3-806.0,26.5,,1.72,4
104,12 36 56.651,+62 12 20.14,3-815.1,22.57,,0.76,1
105,12 36 44.650,+62 11 43.27,4-658.2,27.06,,4.32,4
106,12 36 54.635,+62 12 14.10,3-802.0,27.23,,1.12,4
107,12 36 45.269,+62 11 45.40,4-593.0,26.47,,0.28,3
108,12 36 44.729,+62 11 43.78,4-658.1,24.91,,0.64,4
109,12 36 51.871,+62 12 05.95,3-798.0,27.9,,0.96,3
110,12 36 53.474,+62 12 10.93,3-801.0,26.67,,0.4,4
111,12 36 55.797,+62 12 18.37,3-794.0,27.62,,2.24,4
112,12 36 47.566,+62 11 53.15,4-386.0,26.09,,1.08,4
113,12 36 49.175,+62 11 58.14,4-227.0,26.74,,2.96,3
114,12 36 46.447,+62 11 49.84,4-470.0,26.79,,2.92,2
115,12 36 56.680,+62 12 21.64,3-785.0,27.25,,0.6,1
116,12 36 44.904,+62 11 45.40,4-628.0,26.94,,0.96,4
117,12 36 51.254,+62 12 05.09,3-792.0,25.33,,2.88,4
118,12 36 58.055,+62 12 26.12,3-787.0,25.52,,1.08,4
119,12 36 58.951,+62 12 29.02,3-783.0,26.1,,4.08,4
120,12 36 54.787,+62 12 16.54,3-786.0,24.27,,1.6,4
121,12 36 44.757,+62 11 45.79,4-637.0,26.81,,0.04,3
122,12 36 43.799,+62 11 42.88,4-744.0,20.87,0.764,0.64,1
123,12 36 45.937,+62 11 49.53,4-514.0,26.22,,1.52,4
124,12 36 46.506,+62 11 51.33,4-471.0,21.99,0.504,0.4,1
125,12 37 00.565,+62 12 34.61,3-790.1,21.37,0.562,0.44,1
126,12 36 49.000,+62 11 59.08,4-245.0,25.48,,3.48,4
127,12 36 51.886,+62 12 08.00,3-780.0,25.23,,1.52,4
128,12 36 44.297,+62 11 44.82,4-680.0,27.02,,1.08,3
129,12 36 51.684,+62 12 07.59,3-779.0,26.88,,0.56,4
130,12 36 49.758,+62 12 01.68,4-155.0,27.32,,2.44,3
131,12 36 58.752,+62 12 29.48,3-771.0,27.61,,0.88,4
132,12 36 54.534,+62 12 16.56,3-776.0,28.0,,1.48,4
133,12 36 54.233,+62 12 15.65,3-775.0,26.31,,0.44,1
134,12 36 54.979,+62 12 17.98,3-772.0,27.52,,0.24,3
135,12 36 58.666,+62 12 29.33,3-770.0,27.55,,2.28,4
136,12 36 57.847,+62 12 27.01,3-769.0,27.82,,1.6,4
137,12 36 45.411,+62 11 48.93,4-557.0,26.14,,2.24,4
138,12 36 52.012,+62 12 09.67,3-777.11,22.9,0.456,0.52,4
139,12 36 42.651,+62 11 40.85,4-848.0,26.76,,1.52,3
140,12 36 46.789,+62 11 53.61,4-432.0,27.32,,0.64,4
141,12 36 49.452,+62 12 01.83,4-193.0,26.36,,2.16,4
142,12 36 45.784,+62 11 50.55,4-520.0,25.89,,1.64,4
143,12 36 57.584,+62 12 26.94,3-765.0,25.02,,1.12,4
144,12 36 57.211,+62 12 25.81,3-773.1,22.39,0.561,0.64,4
145,12 36 54.385,+62 12 17.34,3-763.0,27.73,,2.12,4
146,12 36 50.396,+62 12 05.12,4-83.0,25.97,,2.56,4
147,12 36 41.235,+62 11 36.88,4-963.0,25.49,,0.04,2
148,12 36 46.661,+62 11 54.00,4-442.0,25.51,,0.8,4
149,12 37 00.010,+62 12 35.10,3-752.0,27.81,,1.56,4
150,12 36 55.517,+62 12 21.39,3-757.0,26.01,,1.6,4
151,12 36 55.049,+62 12 19.96,3-754.0,26.44,,1.64,4
152,12 36 52.536,+62 12 12.30,3-755.0,26.44,,2.2,4
153,12 36 58.268,+62 12 30.01,3-761.1,24.94,,0.76,4
154,12 36 45.028,+62 11 49.38,4-596.0,26.55,,1.24,4
155,12 36 55.304,+62 12 21.17,3-751.0,26.87,,0.52,4
156,12 36 52.085,+62 12 11.42,3-777.2,27.42,,1.84,4
157,12 36 59.978,+62 12 35.93,3-748.0,25.96,,2.2,4
158,12 36 45.132,+62 11 50.33,4-573.0,27.79,,2.96,4
159,12 36 49.047,+62 12 02.45,4-217.0,27.43,,1.6,4
160,12 36 46.994,+62 11 56.30,4-415.0,25.63,,0.68,4
161,12 36 43.545,+62 11 45.76,4-733.0,26.38,,0.96,4
162,12 36 49.869,+62 12 05.30,4-123.0,26.89,,1.92,4
163,12 36 48.786,+62 12 02.11,4-244.0,25.97,,0.8,2
164,12 36 50.066,+62 12 06.16,4-104.0,27.46,,2.52,4
165,12 36 43.926,+62 11 47.33,4-694.0,27.81,,3.28,4
166,12 36 54.947,+62 12 21.32,3-743.0,25.35,,1.64,4
167,12 36 42.577,+62 11 43.22,4-835.0,27.68,,2.6,4
168,12 36 55.632,+62 12 23.60,3-736.0,26.32,,1.64,4
169,12 36 59.628,+62 12 36.10,3-731.0,27.03,,0.24,4
170,12 36 56.826,+62 12 27.71,3-730.0,27.26,,0.2,1
171,12 36 53.947,+62 12 18.91,3-735.0,26.54,,1.36,4
172,12 36 48.822,+62 12 03.27,4-230.0,27.07,,1.6,4
173,12 36 44.657,+62 11 50.45,4-625.1,25.04,4.58,4.52,4
174,12 36 47.990,+62 12 00.78,4-314.0,26.96,,4.76,4
175,12 36 45.345,+62 11 52.74,4-555.12,23.24,2.803,2.88,4
176,12 36 58.530,+62 12 33.56,3-726.0,25.39,,0.56,3
177,12 36 45.652,+62 11 53.97,4-516.0,24.49,,1.2,3
178,12 36 42.156,+62 11 43.23,4-867.0,27.39,,1.6,4
179,12 36 52.965,+62 12 16.63,3-724.0,27.5,,1.28,3
180,12 36 47.223,+62 11 58.98,4-385.0,25.86,,0.2,4
181,12 36 46.577,+62 11 57.14,4-434.0,25.67,,0.28,4
182,12 36 51.358,+62 12 11.89,3-720.0,27.95,,3.16,4
183,12 36 41.334,+62 11 41.01,4-948.12,22.42,0.585,0.76,2
184,12 36 56.930,+62 12 29.07,3-722.0,25.22,,1.64,4
185,12 36 55.596,+62 12 25.23,3-718.0,27.71,,2.68,4
186,12 36 52.079,+62 12 14.51,3-719.0,26.5,,0.28,3
187,12 36 48.576,+62 12 03.95,4-257.0,25.5,,0.92,4
188,12 36 59.833,+62 12 38.60,3-714.0,26.6,,0.52,4
189,12 36 50.400,+62 12 09.73,4-54.0,26.93,,2.68,4
190,12 36 47.407,+62 12 00.61,4-356.0,27.74,,1.4,4
191,12 36 45.331,+62 11 54.50,4-555.2,23.07,0.372,0.88,1
192,12 36 42.145,+62 11 44.74,4-868.0,24.57,,1.56,4
193,12 36 42.553,+62 11 46.02,4-833.0,25.56,,0.96,4
194,12 36 59.421,+62 12 37.99,3-712.0,25.19,,0.68,2
195,12 36 43.182,+62 11 47.99,4-775.0,22.45,,1.12,2
196,12 36 41.766,+62 11 43.81,4-895.0,26.12,,0.68,3
197,12 36 45.053,+62 11 54.19,4-571.0,24.23,,0.92,4
198,12 36 49.303,+62 12 07.30,4-171.0,24.81,,0.92,3
199,12 36 53.421,+62 12 20.02,3-708.2,27.6,,1.24,3
200,12 36 41.398,+62 11 43.01,4-948.11111,23.19,,1.32,3
201,12 36 43.408,+62 11 49.27,4-728.0,27.21,,1.24,4
202,12 36 49.509,+62 12 08.23,4-140.0,27.29,,1.52,4
203,12 36 54.881,+62 12 24.78,3-706.0,26.23,,0.68,4
204,12 36 51.688,+62 12 15.05,3-705.0,26.74,,3.36,4
205,12 36 47.505,+62 12 02.55,4-346.0,24.41,,0.92,4
206,12 36 44.468,+62 11 53.27,4-627.0,26.54,,0.44,4
207,12 36 45.733,+62 11 57.31,4-497.0,25.67,,2.16,4
208,12 36 44.737,+62 11 54.40,4-603.0,26.65,,1.92,4
209,12 36 43.624,+62 11 51.09,4-702.0,26.08,,4.2,4
210,12 36 52.296,+62 12 17.91,3-697.0,27.8,,1.08,4
211,12 36 57.997,+62 12 35.50,3-698.0,26.21,,0.44,4
212,12 36 53.437,+62 12 21.50,3-704.11,23.78,,1.6,4
213,12 36 45.890,+62 11 58.26,4-473.0,27.17,5.6,5.64,4
214,12 36 46.664,+62 12 00.85,4-411.0,27.84,,1.6,4
215,12 36 55.430,+62 12 27.87,3-695.0,26.09,,1.72,4
216,12 36 58.153,+62 12 36.28,3-688.0,26.77,,1.6,4
217,12 36 50.064,+62 12 11.42,4-75.0,27.47,,2.04,4
218,12 36 46.264,+62 11 59.77,4-448.0,24.45,,0.44,3
219,12 36 48.917,+62 12 08.06,4-203.11,25.29,,0.6,4
220,12 36 52.679,+62 12 19.69,3-696.0,23.2,0.401,0.52,4
221,12 36 43.204,+62 11 50.55,4-737.0,26.7,,4.36,3
222,12 36 58.839,+62 12 38.75,3-681.0,26.84,,0.68,3
223,12 36 55.673,+62 12 29.12,3-683.0,27.67,,1.8,3
224,12 36 49.626,+62 12 10.53,4-118.0,27.11,,2.52,4
225,12 36 55.813,+62 12 29.68,3-678.0,26.97,,1.92,4
226,12 36 52.035,+62 12 18.13,3-684.2,26.74,,0.4,3
227,12 36 42.297,+62 11 48.15,4-838.0,26.93,,1.52,3
228,12 36 43.403,+62 11 51.57,4-727.0,23.05,1.242,1.28,4
229,12 36 47.853,+62 12 05.42,4-304.0,26.93,,1.12,3
230,12 36 48.616,+62 12 07.79,4-229.0,26.06,,1.2,4
231,12 36 57.175,+62 12 34.30,3-675.0,25.61,,3.52,4
232,12 36 52.040,+62 12 18.53,3-684.1,26.74,,1.56,4
233,12 36 51.602,+62 12 17.28,3-677.0,25.11,,1.76,3
234,12 36 53.660,+62 12 23.62,3-687.1,25.41,,1.6,4
235,12 36 43.063,+62 11 50.98,4-749.0,27.39,,0.96,4
236,12 36 53.909,+62 12 24.47,3-674.0,25.59,,1.64,3
237,12 36 53.258,+62 12 22.72,3-670.1,25.02,,0.76,4
238,12 36 42.530,+62 11 50.00,4-804.0,24.95,,1.2,4
239,12 36 56.154,+62 12 31.98,3-668.1,27.8,,0.48,4
240,12 36 58.731,+62 12 40.15,3-661.0,26.22,,0.64,3
241,12 36 44.731,+62 11 57.06,4-579.0,25.08,,0.52,4
242,12 36 45.048,+62 11 58.11,4-543.0,25.68,,1.6,4
243,12 36 43.036,+62 11 52.06,4-747.0,27.15,,0.04,4
244,12 36 49.504,+62 12 12.05,4-119.0,27.75,,1.44,4
245,12 36 46.547,+62 12 03.12,4-416.0,24.35,0.454,0.48,4
246,12 36 50.056,+62 12 13.95,4-70.0,26.99,,1.48,4
247,12 36 45.952,+62 12 01.40,4-460.0,23.72,0.679,0.76,4
248,12 36 48.410,+62 12 09.00,4-237.0,27.67,,0.96,4
249,12 36 49.593,+62 12 12.68,4-109.0,25.21,,1.84,4
250,12 36 41.537,+62 11 47.97,4-893.0,26.99,,4.16,4
251,12 36 41.733,+62 11 48.71,4-875.0,27.14,,4.08,4
252,12 36 42.313,+62 11 50.51,4-825.0,26.16,,1.64,4
253,12 36 54.443,+62 12 28.08,3-654.0,26.93,,2.32,4
254,12 36 45.147,+62 11 59.68,4-530.0,27.19,,4.32,4
255,12 36 46.947,+62 12 05.35,4-382.1,24.09,,0.12,3
256,12 36 54.250,+62 12 27.95,3-648.0,27.64,,0.24,3
257,12 36 51.717,+62 12 20.17,3-659.1,21.56,0.299,0.44,2
258,12 36 40.500,+62 11 45.62,4-975.0,25.51,,0.92,4
259,12 36 56.585,+62 12 35.57,3-640.0,27.21,,1.64,4
260,12 36 42.870,+62 11 53.32,4-756.0,27.31,,3.16,4
261,12 36 58.456,+62 12 41.42,3-643.0,27.02,,2.12,4
262,12 36 47.668,+62 12 08.24,4-308.0,27.88,,1.92,4
263,12 36 54.554,+62 12 29.45,3-639.0,26.93,,1.48,4
264,12 36 46.414,+62 12 04.53,4-418.0,24.69,,1.32,4
265,12 36 46.813,+62 12 05.84,4-382.2,27.57,,1.88,4
266,12 36 42.017,+62 11 51.08,4-842.0,27.51,,4.64,3
267,12 36 45.497,+62 12 02.09,4-487.0,27.38,,1.6,4
268,12 36 41.900,+62 11 51.12,4-854.0,27.62,,1.72,4
269,12 36 50.032,+62 12 16.22,4-50.0,26.85,,1.72,4
270,12 36 44.821,+62 12 00.22,4-558.0,22.99,0.457,0.36,3
271,12 36 47.451,+62 12 08.43,4-319.0,26.16,,0.8,4
272,12 36 51.432,+62 12 20.70,3-659.2,24.92,,1.04,4
273,12 36 50.160,+62 12 16.99,4-33.0,22.47,,0.68,1
274,12 36 49.329,+62 12 14.52,4-131.0,24.89,,0.96,4
275,12 36 42.713,+62 11 54.44,4-774.2,24.9,,1.48,4
276,12 36 52.491,+62 12 24.66,3-625.0,25.35,,1.64,4
277,12 36 50.714,+62 12 19.39,3-622.0,27.32,,1.04,4
278,12 36 47.210,+62 12 08.63,4-335.0,27.1,,1.2,4
279,12 36 59.325,+62 12 46.06,3-616.0,27.3,,0.44,3
280,12 36 51.617,+62 12 22.46,3-633.1,25.85,,1.72,4
281,12 36 48.468,+62 12 12.92,4-183.0,27.42,,1.2,3
282,12 36 45.316,+62 12 03.50,4-498.0,26.87,,1.72,4
283,12 36 56.300,+62 12 37.36,3-611.1,26.46,,1.64,4
284,12 36 55.768,+62 12 36.03,3-607.0,26.74,,0.4,4
285,12 36 48.648,+62 12 14.15,4-260.2,24.45,,0.8,4
286,12 36 51.708,+62 12 23.75,3-633.2,26.89,,0.64,3
287,12 36 56.503,+62 12 38.65,3-610.12,27.69,,0.48,4
288,12 36 53.639,+62 12 29.84,3-600.0,26.76,,2.32,4
289,12 36 55.032,+62 12 34.14,3-601.1,24.21,,1.08,2
290,12 37 00.111,+62 12 49.80,3-597.0,24.42,,1.2,4
291,12 36 50.917,+62 12 21.64,3-594.0,27.5,,0.68,1
292,12 36 58.886,+62 12 46.26,3-591.0,27.71,,0.68,4
293,12 36 50.789,+62 12 21.35,3-599.0,24.65,,0.6,4
294,12 36 47.478,+62 12 11.25,4-315.1,25.26,,1.56,4
295,12 36 41.442,+62 11 52.66,4-879.0,27.04,,1.0,4
296,12 36 51.606,+62 12 24.19,3-590.0,27.67,,1.6,4
297,12 36 48.252,+62 12 13.91,4-260.111,22.55,0.96,1.12,3
298,12 36 53.125,+62 12 28.97,3-588.0,27.55,,1.16,4
299,12 36 53.481,+62 12 30.32,3-584.0,27.51,,1.52,4
300,12 36 56.807,+62 12 40.58,3-610.11112,26.46,,0.4,2
301,12 36 47.662,+62 12 12.48,4-283.0,27.52,,1.72,4
302,12 36 58.349,+62 12 45.49,3-581.0,24.88,,0.64,3
303,12 36 52.091,+62 12 26.29,3-586.0,24.06,,1.0,1
304,12 36 51.857,+62 12 25.65,3-593.1,25.6,,1.76,3
305,12 36 48.927,+62 12 16.70,4-148.0,27.87,,1.24,1
306,12 36 48.626,+62 12 15.79,4-186.0,24.58,,1.6,2
307,12 36 52.249,+62 12 27.12,3-577.0,26.75,3.36,2.88,3
308,12 36 57.075,+62 12 42.13,3-570.0,27.59,,1.4,4
309,12 36 45.141,+62 12 05.53,4-502.0,25.25,,1.64,4
310,12 36 48.119,+62 12 14.85,4-260.112,24.42,,0.6,4
311,12 36 48.713,+62 12 16.72,4-169.0,26.32,,5.64,3
312,12 36 49.673,+62 12 19.69,4-85.2,25.19,,2.08,4
313,12 36 52.862,+62 12 29.64,3-571.0,24.64,,0.72,2
314,12 36 53.494,+62 12 31.67,3-568.0,26.36,,1.0,3
315,12 36 47.233,+62 12 12.61,4-332.2,25.92,,1.32,4
316,12 36 40.681,+62 11 52.61,4-938.0,24.92,,0.16,4
317,12 36 48.559,+62 12 16.91,4-177.0,28.0,,1.2,2
318,12 36 47.079,+62 12 12.52,4-332.1,24.82,,1.12,4
319,12 36 49.518,+62 12 20.10,4-85.1,24.41,0.961,0.92,4
320,12 36 58.083,+62 12 46.49,3-563.1,25.44,,1.12,4
321,12 36 51.012,+62 12 24.79,3-564.0,26.15,,0.44,3
322,12 36 56.963,+62 12 43.22,3-557.0,26.81,,2.52,3
323,12 36 47.505,+62 12 14.11,4-291.0,27.93,,1.24,2
324,12 36 50.344,+62 12 22.94,3-561.0,25.7,,0.8,4
325,12 36 52.448,+62 12 29.67,3-556.1,27.61,,1.36,4
326,12 36 42.373,+62 11 58.70,4-780.0,26.71,,0.0,2
327,12 36 49.278,+62 12 20.05,4-99.0,27.39,,1.28,4
328,12 36 48.357,+62 12 17.27,4-200.0,26.19,,4.76,4
329,12 36 54.016,+62 12 34.98,3-554.2,26.36,,1.48,4
330,12 36 52.360,+62 12 29.91,3-556.2,27.49,,0.68,2
331,12 36 57.662,+62 12 46.55,3-544.0,26.67,,1.0,4
332,12 36 48.750,+62 12 19.14,4-154.0,25.66,,0.44,3
333,12 36 41.320,+62 11 56.26,4-870.0,27.19,,0.4,3
334,12 36 51.326,+62 12 27.29,3-550.1,24.71,2.775,1.72,4
335,12 36 53.449,+62 12 34.26,3-551.0,22.81,0.559,0.52,3
336,12 36 48.875,+62 12 20.20,4-128.0,27.62,,2.0,4
337,12 36 51.596,+62 12 28.70,3-535.0,27.5,,2.44,4
338,12 36 47.326,+62 12 15.87,4-298.1,27.17,,1.72,4
339,12 36 49.053,+62 12 21.24,4-120.0,22.44,0.953,0.84,4
340,12 36 49.463,+62 12 22.51,4-74.0,27.58,,0.0,4
341,12 36 41.661,+62 11 58.46,4-832.0,26.86,,4.56,4
342,12 36 42.473,+62 12 01.17,4-743.0,27.64,,0.88,4
343,12 36 57.104,+62 12 46.40,3-543.0,27.78,,6.24,4
344,12 36 50.848,+62 12 27.21,3-528.1,24.25,,0.64,3
345,12 36 56.647,+62 12 45.32,3-610.11111111,20.0,0.517,0.68,2
346,12 36 50.326,+62 12 26.07,3-516.0,26.73,,4.76,3
347,12 36 42.290,+62 12 01.40,4-769.0,26.06,,1.08,4
348,12 36 41.520,+62 11 59.07,4-846.0,27.64,,0.92,4
349,12 36 42.897,+62 12 03.44,4-697.0,26.57,,1.8,4
350,12 36 58.768,+62 12 52.35,3-534.11,21.27,0.32,0.28,3
351,12 36 58.323,+62 12 51.12,3-534.12,24.03,,0.24,4
352,12 36 59.153,+62 12 53.74,3-534.2,24.71,,0.6,4
353,12 36 49.945,+62 12 25.44,4-1.0,24.32,,1.08,4
354,12 36 49.646,+62 12 24.56,4-31.0,27.61,,1.64,4
355,12 36 51.950,+62 12 31.69,3-510.1,26.11,,2.24,4
356,12 36 57.632,+62 12 49.20,3-504.0,26.13,,1.72,4
357,12 36 52.561,+62 12 33.61,3-509.0,25.89,,0.64,2
358,12 36 50.644,+62 12 27.81,3-505.0,26.04,,1.72,4
359,12 36 56.120,+62 12 44.68,3-512.0,25.48,4.022,3.56,4
360,12 36 46.585,+62 12 15.54,4-350.0,27.5,,1.16,4
361,12 36 54.183,+62 12 39.10,3-501.0,26.07,,3.04,4
362,12 36 46.736,+62 12 16.18,4-336.0,27.07,,0.0,4
363,12 36 49.991,+62 12 26.28,3-515.11,24.43,,0.0,3
364,12 36 44.571,+62 12 09.62,4-527.0,26.61,,0.4,3
365,12 36 41.596,+62 12 00.57,4-839.0,24.88,0.483,0.24,3
366,12 36 42.697,+62 12 04.08,4-725.0,26.37,,1.56,4
367,12 36 57.296,+62 12 49.32,3-489.0,26.74,,4.76,4
368,12 36 45.275,+62 12 12.35,4-456.0,27.8,,1.68,3
369,12 36 46.388,+62 12 15.86,4-372.0,26.52,,0.64,4
370,12 36 58.167,+62 12 52.14,3-488.0,27.55,,2.44,4
371,12 36 49.899,+62 12 26.97,3-515.2,26.66,,1.92,4
372,12 36 52.774,+62 12 36.03,3-483.0,26.52,,1.6,4
373,12 36 44.068,+62 12 09.22,4-576.2,26.93,,1.52,4
374,12 36 52.008,+62 12 33.71,3-484.0,26.73,,1.36,4
375,12 36 46.727,+62 12 17.64,4-334.0,26.74,,0.68,3
376,12 36 55.807,+62 12 45.64,3-481.0,27.4,,1.36,4
377,12 36 52.485,+62 12 35.46,3-480.0,27.61,,2.0,4
378,12 36 44.012,+62 12 09.53,4-576.1,25.56,,2.84,4
379,12 36 48.313,+62 12 22.80,4-170.0,27.72,,0.56,3
380,12 36 56.507,+62 12 48.32,3-610.2,26.52,,3.8,3
381,12 36 55.572,+62 12 45.48,3-486.0,21.93,0.79,0.88,3
382,12 36 51.004,+62 12 31.58,3-472.0,27.89,,0.64,4
383,12 36 50.318,+62 12 29.97,3-467.0,27.53,,1.92,4
384,12 36 51.753,+62 12 34.42,3-466.0,27.14,,1.28,4
385,12 36 52.382,+62 12 36.46,3-463.0,27.13,,1.72,4
386,12 36 41.597,+62 12 03.55,4-818.0,27.94,,0.44,4
387,12 36 54.328,+62 12 42.83,3-457.0,27.04,,5.48,4
388,12 36 51.284,+62 12 33.74,3-464.0,25.14,,1.64,4
389,12 36 53.379,+62 12 40.28,3-451.0,26.58,,0.12,2
390,12 36 41.232,+62 12 02.93,4-858.13,24.03,3.216,3.04,4
391,12 36 41.937,+62 12 05.43,4-795.111,21.01,0.432,0.48,3
392,12 36 43.704,+62 12 10.97,4-598.0,27.13,,0.8,4
393,12 36 41.617,+62 12 04.59,4-802.0,26.77,,4.56,4
394,12 36 58.347,+62 12 56.21,3-454.11,24.28,,0.52,4
395,12 36 40.884,+62 12 02.76,4-888.2,26.46,,0.2,3
396,12 36 47.814,+62 12 24.14,4-212.0,26.26,,1.4,4
397,12 36 55.238,+62 12 47.01,3-439.0,27.48,,1.72,4
398,12 36 58.231,+62 12 56.25,3-454.2,27.07,,1.92,4
399,12 36 40.942,+62 12 03.12,4-888.12,25.85,,1.16,3
400,12 36 40.626,+62 12 02.24,4-896.0,27.85,,1.6,4
401,12 36 57.816,+62 12 55.21,3-433.0,27.02,,1.32,4
402,12 36 40.815,+62 12 03.05,4-888.11,23.36,1.01,1.0,4
403,12 36 56.079,+62 12 50.15,3-429.0,27.6,,1.84,4
404,12 36 48.564,+62 12 27.10,4-122.0,26.75,,1.48,4
405,12 36 56.730,+62 12 52.51,3-430.2,24.01,1.231,1.08,2
406,12 36 48.428,+62 12 26.96,4-135.0,27.74,,0.04,1
407,12 36 51.320,+62 12 35.87,3-431.0,26.45,,1.28,4
408,12 36 46.201,+62 12 20.25,4-362.1,27.75,,0.0,1
409,12 36 55.625,+62 12 49.27,3-443.0,22.99,0.95,0.92,4
410,12 36 52.724,+62 12 40.41,3-424.0,27.29,,0.64,4
411,12 36 41.255,+62 12 05.18,4-834.0,26.85,,1.36,3
412,12 36 49.066,+62 12 29.28,4-69.0,26.84,,0.96,3
413,12 36 44.561,+62 12 15.46,4-505.1,25.3,,1.44,2
414,12 36 54.497,+62 12 46.08,3-422.0,26.67,,0.16,4
415,12 36 52.960,+62 12 41.39,3-421.0,27.66,,2.16,4
416,12 36 56.597,+62 12 52.69,3-430.1,23.95,,1.28,4
417,12 36 48.800,+62 12 28.83,4-94.0,27.52,,1.64,4
418,12 36 46.943,+62 12 23.17,4-295.1,26.55,,0.96,4
419,12 36 49.361,+62 12 30.90,4-20.0,27.97,,0.96,4
420,12 36 41.531,+62 12 06.82,4-813.1,26.22,,3.0,4
421,12 36 54.682,+62 12 47.56,3-416.0,26.11,,1.08,3
422,12 36 42.961,+62 12 11.47,4-660.0,25.99,,1.72,4
423,12 36 41.422,+62 12 06.79,4-813.2,27.44,,0.16,1
424,12 36 40.954,+62 12 05.36,4-878.11,23.28,,0.0,3
425,12 36 57.830,+62 12 57.47,3-410.0,27.89,,1.36,4
426,12 36 40.519,+62 12 04.25,4-894.0,27.42,,4.24,4
427,12 36 53.213,+62 12 43.37,3-413.0,27.29,,0.52,4
428,12 36 40.743,+62 12 04.96,4-878.2,24.6,,0.88,3
429,12 36 57.119,+62 12 55.49,3-409.0,27.38,,1.52,4
430,12 36 57.349,+62 12 56.23,3-412.0,25.34,,0.56,4
431,12 36 49.874,+62 12 33.45,3-414.0,26.61,,0.76,4
432,12 36 57.933,+62 12 58.46,3-405.2,26.81,,2.16,4
433,12 36 41.555,+62 12 08.09,4-794.0,26.41,,1.28,4
434,12 36 42.571,+62 12 11.40,4-687.0,27.06,,0.0,3
435,12 36 46.269,+62 12 22.85,4-341.0,27.58,,0.32,4
436,12 36 57.166,+62 12 56.43,3-409.0,25.98,,0.28,1
437,12 36 56.581,+62 12 54.88,3-402.0,27.09,,1.16,4
438,12 36 56.995,+62 12 56.51,3-404.1,24.6,,0.8,4
439,12 36 43.695,+62 12 15.56,4-572.0,24.9,,0.68,4
440,12 36 44.897,+62 12 19.33,4-455.0,27.35,,1.6,4
441,12 36 53.168,+62 12 45.10,3-399.0,27.29,,2.24,4
442,12 36 55.195,+62 12 51.51,3-398.2,26.95,,1.52,4
443,12 36 45.792,+62 12 22.57,4-387.0,26.93,,0.84,4
444,12 36 46.928,+62 12 26.07,4-289.0,25.24,2.969,2.04,4
445,12 36 58.072,+62 13 00.40,3-405.11,22.37,0.319,0.28,4
446,12 36 51.674,+62 12 40.99,3-397.0,27.22,,2.08,4
447,12 36 46.357,+62 12 24.76,4-327.0,26.67,,1.88,4
448,12 36 46.039,+62 12 23.83,4-353.0,27.46,,1.92,4
449,12 36 47.883,+62 12 29.52,4-174.0,27.59,,0.44,4
450,12 36 55.257,+62 12 52.57,3-398.1,24.25,,0.72,4
451,12 36 43.347,+62 12 15.93,4-605.0,27.31,,1.72,4
452,12 36 55.038,+62 12 52.27,3-387.0,26.02,,0.84,2
453,12 36 58.434,+62 13 02.78,3-382.0,26.51,,2.32,4
454,12 36 56.937,+62 12 58.19,3-404.2,23.59,0.52,0.56,3
455,12 36 50.131,+62 12 37.43,3-386.2,26.95,,1.24,3
456,12 36 44.597,+62 12 20.43,4-472.1,27.22,,2.24,4
457,12 36 56.583,+62 12 57.34,3-378.0,25.63,,1.0,1
458,12 36 57.310,+62 12 59.65,3-400.1,21.32,0.473,0.48,4
459,12 36 42.366,+62 12 13.86,4-690.0,27.37,,0.84,4
460,12 36 49.556,+62 12 36.04,3-389.0,24.68,,2.08,4
461,12 36 40.454,+62 12 08.03,4-882.0,27.72,,2.08,4
462,12 36 41.434,+62 12 11.37,4-790.0,27.69,,2.4,3
463,12 36 50.973,+62 12 40.84,3-377.0,27.1,,0.68,4
464,12 36 41.140,+62 12 10.59,4-822.0,25.0,,0.48,3
465,12 36 43.621,+62 12 18.28,4-565.0,22.71,0.75,0.64,3
466,12 36 40.006,+62 12 07.38,4-928.1,22.28,1.015,0.92,2
467,12 36 42.911,+62 12 16.37,4-656.1,20.73,0.454,0.44,3
468,12 36 40.459,+62 12 08.99,4-877.0,27.0,,1.24,3
469,12 36 45.616,+62 12 24.90,4-389.0,26.39,,2.16,4
470,12 36 56.380,+62 12 58.13,3-371.0,26.88,,3.12,4
471,12 36 43.247,+62 12 17.77,4-600.0,27.4,,6.52,4
472,12 36 40.963,+62 12 10.75,4-830.0,27.35,,0.36,2
473,12 36 52.028,+62 12 45.09,3-369.0,26.47,,1.04,3
474,12 36 43.300,+62 12 18.36,4-590.0,25.75,,2.12,4
475,12 36 56.670,+62 12 59.57,3-368.0,25.93,,1.2,4
476,12 36 47.281,+62 12 30.68,4-232.12,22.77,0.421,0.48,4
477,12 36 50.217,+62 12 39.74,3-386.111,20.67,0.474,0.44,3
478,12 36 58.567,+62 13 05.46,3-363.1,25.92,,1.72,4
479,12 36 55.333,+62 12 55.54,3-367.0,25.24,,4.56,4
480,12 36 53.127,+62 12 48.76,3-370.1,26.6,,1.56,4
481,12 36 56.130,+62 12 58.02,3-361.0,27.78,,1.08,4
482,12 36 41.136,+62 12 12.21,4-807.0,27.43,,2.92,3
483,12 36 47.783,+62 12 32.94,4-173.0,23.34,0.959,1.04,3
484,12 36 56.283,+62 12 59.22,3-351.0,27.47,,0.36,3
485,12 36 43.189,+62 12 19.20,4-599.0,26.26,,2.0,4
486,12 36 56.924,+62 13 01.58,3-355.0,23.03,,1.28,2
487,12 36 45.264,+62 12 25.70,4-407.0,25.35,,0.68,4
488,12 36 46.666,+62 12 30.07,4-280.0,26.94,,3.4,4
489,12 36 46.219,+62 12 28.78,4-322.2,24.38,,1.44,4
490,12 36 56.166,+62 12 59.56,3-349.2,27.38,,2.2,4
491,12 36 56.344,+62 13 00.12,3-349.12,26.77,,1.04,4
492,12 36 56.256,+62 13 00.02,3-349.11,26.82,,2.68,4
493,12 36 45.349,+62 12 26.78,4-395.0,25.98,,1.16,4
494,12 36 44.115,+62 12 23.09,4-500.0,27.12,,1.64,4
495,12 36 41.481,+62 12 15.00,4-767.0,23.47,,0.88,1
496,12 36 58.160,+62 13 06.42,3-342.0,24.51,,0.52,4
497,12 36 57.107,+62 13 03.24,3-340.0,26.4,,1.4,4
498,12 36 43.806,+62 12 22.44,4-525.0,26.92,,1.44,4
499,12 36 47.179,+62 12 33.10,4-216.0,27.8,,3.2,4
500,12 36 53.900,+62 12 54.00,3-350.1,20.89,0.642,0.64,2
501,12 36 44.939,+62 12 26.54,4-423.0,26.66,,1.8,3
502,12 36 57.754,+62 13 06.03,3-329.0,27.23,,1.32,4
503,12 36 53.354,+62 12 52.50,3-335.0,25.69,,0.12,3
504,12 36 52.249,+62 12 49.38,3-330.0,25.54,,0.96,4
505,12 36 42.354,+62 12 19.05,4-671.0,26.75,,0.96,4
506,12 36 49.866,+62 12 42.20,3-331.0,24.47,,1.08,4
507,12 36 54.617,+62 12 57.07,3-324.0,27.68,,5.2,4
508,12 36 51.635,+62 12 48.14,3-323.0,27.7,,0.84,2
509,12 36 50.437,+62 12 44.79,3-321.2,24.96,,0.0,4
510,12 36 57.244,+62 13 05.78,3-311.0,27.59,,1.8,4
511,12 36 42.648,+62 12 20.86,4-636.0,26.42,,0.6,4
512,12 36 54.782,+62 12 58.29,3-318.0,24.31,,0.92,4
513,12 36 52.561,+62 12 51.56,3-310.0,26.81,,1.12,3
514,12 36 53.342,+62 12 53.97,3-308.0,27.1,,1.04,4
515,12 36 49.941,+62 12 43.50,3-320.0,25.41,,1.76,4
516,12 36 52.782,+62 12 52.34,3-309.0,27.38,,2.2,4
517,12 36 44.638,+62 12 27.42,4-445.0,23.73,2.268,1.32,4
518,12 36 45.947,+62 12 31.52,4-326.0,27.65,,1.64,4
519,12 36 40.858,+62 12 15.90,4-816.0,26.94,,0.48,3
520,12 36 55.483,+62 13 00.96,3-302.0,25.5,,1.04,3
521,12 36 39.430,+62 12 11.78,4-942.0,23.82,,1.0,2
522,12 36 47.598,+62 12 37.17,4-160.0,25.16,,0.04,1
523,12 36 52.245,+62 12 51.56,3-296.2,26.66,,0.92,4
524,12 36 50.263,+62 12 45.78,3-321.1,21.45,0.678,0.56,1
525,12 36 46.266,+62 12 33.47,4-300.0,25.17,,1.12,3
526,12 36 55.925,+62 13 03.30,3-290.0,27.05,,0.12,3
527,12 36 48.081,+62 12 39.23,4-107.0,25.47,,0.92,4
528,12 36 39.168,+62 12 11.76,4-960.0,25.82,,2.28,4
529,12 36 52.249,+62 12 52.12,3-296.1,25.96,,2.24,4
530,12 36 45.368,+62 12 30.99,4-379.0,27.78,,0.08,2
531,12 36 57.226,+62 13 07.63,3-289.0,24.57,,0.92,1
532,12 36 47.617,+62 12 38.27,4-150.0,27.92,,1.92,4
533,12 36 57.354,+62 13 08.36,3-281.0,27.28,,3.96,4
534,12 36 39.717,+62 12 14.10,4-926.1,23.82,,1.04,2
535,12 36 49.595,+62 12 44.68,3-286.0,26.29,,1.72,4
536,12 36 39.559,+62 12 13.79,4-926.2,25.37,,2.92,4
537,12 36 47.037,+62 12 36.86,4-241.1,20.98,0.321,0.48,4
538,12 36 41.318,+62 12 19.25,4-754.0,27.92,,1.36,4
539,12 36 55.755,+62 13 03.97,3-278.0,27.89,,0.12,3
540,12 36 46.156,+62 12 34.55,4-299.0,27.95,,4.28,4
541,12 36 52.958,+62 12 56.01,3-271.22,26.11,,2.32,4
542,12 36 46.216,+62 12 35.25,4-294.0,27.81,,0.0,2
543,12 36 42.164,+62 12 23.01,4-665.0,26.48,,1.56,4
544,12 36 45.565,+62 12 33.56,4-345.0,26.96,,1.6,4
545,12 36 53.103,+62 12 56.90,3-271.1,25.31,,0.44,4
546,12 36 51.030,+62 12 50.60,3-265.0,27.72,,1.92,4
547,12 36 44.496,+62 12 30.49,4-438.0,26.89,,1.4,4
548,12 36 52.972,+62 12 56.74,3-271.21,25.49,,0.8,4
549,12 36 55.159,+62 13 03.61,3-266.0,23.59,,0.72,1
550,12 36 48.863,+62 12 44.39,3-260.0,27.02,,4.24,4
551,12 36 47.620,+62 12 40.57,4-136.0,26.23,,1.64,4
552,12 36 51.955,+62 12 53.92,3-256.0,27.49,,2.64,4
553,12 36 56.448,+62 13 07.83,3-254.0,26.7,,2.08,4
554,12 36 49.872,+62 12 47.62,3-255.0,26.77,,4.92,4
555,12 36 45.350,+62 12 33.72,4-368.0,25.86,,1.8,3
556,12 36 42.611,+62 12 25.31,4-619.0,28.0,,2.52,4
557,12 36 54.198,+62 13 01.08,3-257.0,24.91,,1.32,3
558,12 36 56.720,+62 13 08.90,3-250.0,26.83,,1.8,4
559,12 36 42.954,+62 12 26.66,4-581.21,26.17,,1.6,4
560,12 36 45.511,+62 12 34.60,4-344.0,26.93,,1.4,4
561,12 36 56.933,+62 13 10.00,3-242.0,26.9,,0.68,1
562,12 36 50.252,+62 12 49.48,3-246.0,26.05,,1.52,3
563,12 36 50.843,+62 12 51.47,3-259.0,23.16,,0.56,4
564,12 36 50.475,+62 12 50.41,3-241.0,27.12,,3.8,4
565,12 36 48.992,+62 12 45.89,3-258.0,23.66,,0.52,4
566,12 36 43.132,+62 12 28.10,4-554.1,24.63,,0.84,4
567,12 36 58.293,+62 13 14.80,3-238.0,25.43,,0.92,1
568,12 36 49.810,+62 12 48.79,3-243.0,25.18,3.233,3.12,4
569,12 36 55.014,+62 13 04.86,3-234.0,26.71,,4.48,3
570,12 36 47.909,+62 12 43.19,4-96.0,26.64,,1.72,4
571,12 36 52.006,+62 12 55.83,3-231.2,27.37,,2.36,3
572,12 36 49.913,+62 12 49.40,3-237.0,26.55,,3.96,4
573,12 36 51.249,+62 12 53.52,3-233.0,26.14,,1.12,4
574,12 36 51.898,+62 12 55.55,3-231.1,26.35,,4.16,4
575,12 36 42.861,+62 12 27.87,4-581.11,25.65,,1.64,4
576,12 36 53.097,+62 12 59.43,3-228.0,26.93,,5.04,4
577,12 36 51.562,+62 12 54.78,3-239.0,26.01,,1.4,4
578,12 36 39.888,+62 12 18.97,4-869.0,26.37,,2.56,4
579,12 36 53.332,+62 13 00.56,3-227.0,26.1,,0.48,4
580,12 36 54.032,+62 13 02.72,3-224.0,25.7,,1.08,4
581,12 36 49.471,+62 12 48.72,3-229.0,23.95,,0.76,3
582,12 36 56.782,+62 13 11.28,3-218.0,26.5,,1.0,3
583,12 36 52.785,+62 12 59.01,3-223.0,26.68,,3.84,4
584,12 36 49.053,+62 12 47.57,3-225.0,27.5,,1.0,3
585,12 36 40.285,+62 12 20.76,4-837.0,26.3,,0.92,4
586,12 36 45.945,+62 12 38.29,4-305.0,25.91,,1.08,3
587,12 36 57.851,+62 13 14.97,3-221.22,24.76,,0.08,2
588,12 36 39.579,+62 12 18.72,4-901.0,27.68,,1.16,3
589,12 36 46.328,+62 12 39.59,4-263.1,27.52,,2.8,4
590,12 36 48.353,+62 12 45.95,4-30.0,27.47,,4.36,3
591,12 36 41.930,+62 12 26.18,4-672.2,26.47,,1.6,4
592,12 36 48.481,+62 12 46.49,4-8.0,27.82,,1.92,4
593,12 36 43.784,+62 12 32.08,4-479.0,26.12,,1.52,4
594,12 36 41.003,+62 12 23.52,4-759.0,27.02,,0.68,3
595,12 36 49.572,+62 12 49.95,3-213.0,26.69,,0.68,2
596,12 36 41.982,+62 12 26.68,4-672.1,25.84,,1.64,4
597,12 36 47.354,+62 12 43.25,4-146.0,27.21,,0.48,1
598,12 36 51.326,+62 12 55.51,3-209.0,27.2,,2.24,4
599,12 36 57.716,+62 13 15.19,3-221.1,23.02,0.952,0.92,4
600,12 36 51.025,+62 12 54.71,3-208.0,25.85,,0.04,4
601,12 36 42.281,+62 12 27.84,4-635.0,25.59,,0.72,4
602,12 36 49.656,+62 12 51.16,3-202.0,27.45,,2.08,4
603,12 36 57.009,+62 13 13.83,3-199.0,27.42,,1.6,4
604,12 36 40.042,+62 12 21.60,4-860.11,24.63,,0.2,4
605,12 36 47.040,+62 12 43.27,4-175.0,25.83,,1.12,4
606,12 36 50.285,+62 12 53.43,3-201.0,27.35,,0.32,3
607,12 36 55.155,+62 13 08.83,3-193.0,25.68,,1.4,2
608,12 36 48.553,+62 12 48.53,4-0.0,25.84,,3.24,3
609,12 36 45.307,+62 12 38.62,4-342.0,26.76,,1.4,4
610,12 36 55.265,+62 13 09.47,3-187.0,26.06,,2.68,3
611,12 36 50.820,+62 12 55.89,3-203.0,22.55,0.319,0.28,4
612,12 36 55.975,+62 13 11.77,3-182.0,27.73,,1.24,4
613,12 36 56.518,+62 13 13.51,3-179.0,26.51,,4.56,4
614,12 36 40.423,+62 12 24.06,4-814.0,25.92,,1.44,4
615,12 36 57.519,+62 13 16.75,3-184.0,25.13,,0.44,4
616,12 36 45.438,+62 12 39.63,4-330.0,27.85,,1.28,4
617,12 36 38.967,+62 12 19.77,4-950.0,22.21,0.609,0.56,3
618,12 36 41.429,+62 12 27.56,4-700.0,26.9,,0.76,4
619,12 36 55.458,+62 13 11.19,3-180.1,22.16,0.37,0.88,1
620,12 36 43.112,+62 12 33.17,4-531.0,26.4,,1.16,4
621,12 36 46.520,+62 12 43.91,4-219.0,27.36,,1.64,4
622,12 36 54.709,+62 13 09.31,3-170.0,26.27,,0.44,3
623,12 36 56.363,+62 13 14.48,3-167.0,27.53,,0.96,3
624,12 36 51.008,+62 12 58.03,3-168.0,27.37,,1.36,4
625,12 36 44.994,+62 12 39.63,4-378.0,23.89,,1.2,4
626,12 36 40.630,+62 12 26.38,4-786.0,26.47,,1.6,4
627,12 36 50.876,+62 12 57.99,3-165.0,27.48,,1.32,4
628,12 36 45.658,+62 12 41.93,4-307.0,25.74,,1.64,1
629,12 36 41.945,+62 12 30.62,4-646.0,27.13,,1.72,4
630,12 36 46.607,+62 12 45.00,4-210.1,26.63,,0.56,2
631,12 36 55.148,+62 13 11.38,3-180.21,23.61,,0.28,4
632,12 36 40.913,+62 12 27.64,4-745.0,25.8,,1.6,4
633,12 36 52.368,+62 13 02.97,3-164.0,25.76,,2.52,4
634,12 36 42.407,+62 12 32.49,4-602.0,25.14,,2.04,4
635,12 36 47.800,+62 12 49.40,4-73.0,27.75,,1.44,4
636,12 36 49.070,+62 12 53.34,3-159.0,27.57,,1.48,3
637,12 36 51.428,+62 13 00.63,3-174.0,22.76,0.089,0.08,4
638,12 36 48.920,+62 12 52.93,3-158.0,27.87,,1.44,4
639,12 36 41.947,+62 12 31.67,4-641.0,27.97,,0.32,4
640,12 36 49.512,+62 12 55.18,3-153.0,26.66,,5.32,4
641,12 36 41.682,+62 12 31.06,4-676.1,25.33,,2.08,4
642,12 36 49.446,+62 12 55.20,3-153.0,27.52,,1.24,4
643,12 36 45.679,+62 12 43.94,4-292.0,26.92,,1.08,3
644,12 36 40.226,+62 12 27.17,4-809.0,27.05,,1.04,4
645,12 36 40.847,+62 12 29.23,4-742.0,26.3,,0.92,3
646,12 36 47.597,+62 12 50.11,4-88.0,27.91,,1.2,4
647,12 36 39.610,+62 12 25.68,4-866.0,26.27,,1.64,4
648,12 36 41.034,+62 12 30.43,4-724.11,24.72,,1.72,3
649,12 36 44.925,+62 12 42.61,4-351.0,27.96,,1.92,4
650,12 36 44.185,+62 12 40.34,4-430.0,23.33,0.873,0.92,4
651,12 36 49.225,+62 12 55.97,3-140.0,27.87,,1.84,4
652,12 36 49.904,+62 12 58.14,3-139.0,27.33,,0.52,1
653,12 36 46.126,+62 12 46.50,4-254.0,22.36,,0.6,1
654,12 36 56.037,+62 13 17.07,3-138.0,26.78,,1.92,4
655,12 36 49.636,+62 12 57.57,3-143.0,21.99,0.477,0.48,2
656,12 36 48.622,+62 12 54.48,3-137.0,27.48,,2.16,4
657,12 36 46.821,+62 12 49.13,4-166.1,26.41,,1.64,4
658,12 36 40.175,+62 12 28.80,4-799.0,27.3,,4.84,4
659,12 36 45.172,+62 12 44.43,4-329.0,26.78,,2.24,4
660,12 36 54.230,+62 13 12.33,3-125.0,26.75,,2.44,4
661,12 36 47.341,+62 12 51.16,4-101.0,27.95,,0.96,3
662,12 36 55.003,+62 13 14.78,3-132.0,23.81,,0.56,4
663,12 36 49.305,+62 12 57.41,3-124.0,27.15,,0.64,4
664,12 36 43.267,+62 12 38.85,4-491.1,24.81,,2.0,4
665,12 36 53.719,+62 13 11.07,3-127.0,25.7,,1.48,4
666,12 36 52.877,+62 13 08.56,3-126.1,25.79,,1.92,4
667,12 36 53.130,+62 13 09.43,3-119.0,27.55,,1.44,4
668,12 36 40.489,+62 12 30.63,4-770.0,25.83,,1.32,4
669,12 36 39.773,+62 12 28.53,4-852.1111,23.72,,0.0,3
670,12 36 54.728,+62 13 14.77,3-118.1,24.29,2.232,1.92,4
671,12 36 47.543,+62 12 52.68,4-89.0,23.93,0.681,0.76,4
672,12 36 43.424,+62 12 40.12,4-469.0,26.69,,1.92,4
673,12 36 38.797,+62 12 25.99,4-930.0,25.4,,0.64,4
674,12 36 43.840,+62 12 41.54,4-439.1,24.98,,4.32,4
675,12 36 54.348,+62 13 14.06,3-107.0,25.15,,1.6,4
676,12 36 48.107,+62 12 55.19,3-100.0,27.72,,0.2,1
677,12 36 39.240,+62 12 27.98,4-884.0,28.0,,4.4,2
678,12 36 39.718,+62 12 29.60,4-852.1112,24.27,,1.16,3
679,12 36 44.423,+62 12 44.13,4-393.1,23.94,,1.6,4
680,12 36 48.903,+62 12 57.95,3-98.0,26.19,,1.16,4
681,12 36 41.511,+62 12 35.22,4-661.2,26.96,,2.6,4
682,12 36 45.258,+62 12 46.89,4-310.0,28.0,,4.84,4
683,12 36 41.614,+62 12 35.69,4-661.1,24.49,,0.52,3
684,12 36 45.088,+62 12 46.42,4-325.0,26.58,,1.2,3
685,12 36 48.609,+62 12 57.86,3-90.0,26.9,,2.2,4
686,12 36 46.310,+62 12 50.87,4-201.0,26.55,,0.04,4
687,12 36 47.772,+62 12 55.68,4-52.111,23.95,2.931,0.28,3
688,12 36 39.569,+62 12 30.49,4-852.12,25.4,,3.4,3
689,12 36 39.865,+62 12 31.59,4-823.0,24.19,,0.64,3
690,12 36 44.121,+62 12 44.84,4-403.0,24.78,,1.32,1
691,12 36 54.507,+62 13 16.92,3-81.0,27.57,,0.0,2
692,12 36 56.840,+62 13 24.25,3-83.1,25.5,,1.8,4
693,12 36 55.029,+62 13 18.75,3-82.0,25.11,,0.6,1
694,12 36 43.151,+62 12 42.23,4-493.0,21.74,0.847,0.72,1
695,12 36 44.789,+62 12 47.34,4-340.0,27.81,,3.24,4
696,12 36 54.171,+62 13 16.41,3-79.0,24.39,,1.16,4
697,12 36 45.235,+62 12 49.01,4-302.0,27.53,,0.32,4
698,12 36 52.226,+62 13 10.67,3-75.0,26.99,,3.8,4
699,12 36 45.481,+62 12 49.99,4-278.0,27.17,,1.56,4
700,12 36 55.608,+62 13 21.18,3-77.0,26.16,,0.04,2
701,12 36 38.875,+62 12 30.00,4-906.0,27.95,,0.0,4
702,12 36 41.716,+62 12 38.82,4-639.1,24.6,,0.0,4
703,12 36 39.976,+62 12 33.66,4-801.0,24.51,,0.92,4
704,12 36 41.540,+62 12 38.87,4-639.2,25.21,,4.16,4
705,12 36 45.962,+62 12 52.63,4-222.0,27.73,,1.4,4
706,12 36 45.770,+62 12 52.19,4-240.0,27.95,,4.0,4
707,12 36 40.534,+62 12 36.19,4-730.0,27.33,,1.0,3
708,12 36 52.810,+62 13 14.36,3-56.0,26.11,,1.32,4
709,12 36 44.182,+62 12 47.83,4-402.32,21.62,0.558,0.56,4
710,12 36 46.528,+62 12 55.23,4-161.0,24.8,,0.92,4
711,12 36 56.143,+62 13 25.17,3-48.0,25.16,,1.08,1
712,12 36 45.026,+62 12 51.02,4-316.0,24.08,,1.76,4
713,12 36 48.717,+62 13 02.45,3-51.0,25.44,,0.4,3
714,12 36 54.249,+62 13 19.56,3-44.0,27.2,,4.8,4
715,12 36 53.602,+62 13 17.95,3-41.0,26.1,,1.92,4
716,12 36 38.406,+62 12 31.32,4-946.0,22.61,,0.68,2
717,12 36 56.534,+62 13 27.42,3-36.0,25.73,,1.28,4
718,12 36 42.479,+62 12 45.09,4-521.0,25.76,,1.32,4
719,12 36 49.682,+62 13 07.36,3-37.0,24.28,,0.92,4
720,12 36 43.966,+62 12 50.07,4-402.31,20.97,0.557,0.52,2
721,12 36 52.009,+62 13 14.91,2-418.0,26.0,,1.96,4
722,12 36 41.852,+62 12 43.64,4-588.1,24.92,,2.4,4
723,12 36 41.383,+62 12 42.24,4-638.1,25.06,,0.76,4
724,12 36 53.982,+62 13 21.05,3-21.0,26.9,,2.08,4
725,12 36 53.486,+62 13 19.67,3-18.0,27.72,,1.24,4
726,12 36 53.743,+62 13 20.49,3-15.0,27.75,,1.72,4
727,12 36 38.600,+62 12 33.86,4-916.0,23.93,,0.16,3
728,12 36 55.712,+62 13 26.82,2-838.0,25.34,,1.6,4
729,12 36 54.689,+62 13 23.74,3-10.0,27.58,,1.6,3
730,12 36 48.789,+62 13 05.70,3-17.0,25.76,,3.32,4
731,12 36 48.457,+62 13 04.89,2-102.0,25.88,,0.92,4
732,12 36 44.245,+62 12 52.09,4-365.0,25.35,,1.36,4
733,12 36 39.396,+62 12 37.44,4-829.1,25.04,,0.96,4
734,12 36 56.127,+62 13 29.66,2-906.0,23.39,,1.08,4
735,12 36 43.812,+62 12 51.86,4-402.1,24.76,,0.92,4
736,12 36 50.621,+62 13 12.93,2-309.0,26.37,,0.16,3
737,12 36 53.264,+62 13 21.49,2-591.11,24.35,,1.6,4
738,12 36 51.557,+62 13 16.70,2-395.0,27.82,,0.72,4
739,12 36 55.646,+62 13 29.60,2-846.0,27.02,,0.76,4
740,12 36 49.034,+62 13 09.75,2-180.0,24.01,,0.96,4
741,12 36 54.053,+62 13 25.36,2-671.0,26.28,,0.48,3
742,12 36 53.188,+62 13 22.72,2-591.2,24.83,2.489,2.28,4
743,12 36 49.374,+62 13 11.25,2-264.2,22.12,0.478,0.44,3
744,12 36 55.397,+62 13 29.87,2-833.0,25.09,,1.12,4
745,12 36 53.788,+62 13 25.39,2-656.0,24.99,,1.8,4
746,12 36 49.719,+62 13 13.04,2-264.1,21.45,0.475,0.52,2
747,12 36 52.892,+62 13 23.07,2-557.0,27.29,,0.12,2
748,12 36 53.411,+62 13 24.99,2-619.1,25.68,,0.44,4
749,12 36 50.476,+62 13 16.12,2-339.1,22.6,,0.88,2
750,12 36 48.741,+62 13 11.05,2-154.0,27.3,,0.6,2
751,12 36 48.078,+62 13 09.02,2-121.111,20.45,0.475,0.36,1
752,12 36 43.868,+62 12 56.13,1-18.0,25.87,,0.72,4
753,12 36 52.201,+62 13 23.28,2-486.0,26.59,,0.24,4
754,12 36 56.117,+62 13 35.71,2-928.0,24.91,,0.88,4
755,12 36 53.383,+62 13 27.58,2-628.0,26.49,,2.96,4
756,12 36 47.929,+62 13 10.92,2-121.12,24.52,,0.72,4
757,12 36 51.057,+62 13 20.69,2-404.0,19.6,0.199,0.12,3
758,12 36 52.280,+62 13 25.34,2-506.0,27.37,,1.12,3
759,12 36 49.443,+62 13 16.65,2-256.0,23.23,,1.24,3
760,12 36 55.226,+62 13 34.69,2-843.1,24.83,,1.48,4
761,12 36 52.222,+62 13 25.52,2-506.0,26.5,,2.44,4
762,12 36 53.432,+62 13 29.41,2-643.0,24.6,2.991,3.0,4
763,12 36 48.510,+62 13 14.32,2-160.0,25.33,,0.0,1
764,12 36 48.267,+62 13 13.84,2-139.1,23.96,,1.2,2
765,12 36 56.643,+62 13 39.83,2-999.0,25.19,,1.52,3
766,12 36 54.625,+62 13 33.74,2-787.0,24.66,,0.92,4
767,12 36 48.003,+62 13 13.58,2-111.0,26.98,,1.08,4
768,12 36 55.044,+62 13 35.35,2-826.0,27.86,,4.0,4
769,12 36 55.308,+62 13 36.22,2-854.0,26.38,,0.52,4
770,12 36 52.553,+62 13 28.35,2-554.1,27.77,,2.52,4
771,12 36 44.875,+62 13 04.77,1-34.2,24.38,,1.32,4
772,12 36 54.712,+62 13 35.19,2-789.0,27.07,,2.08,4
773,12 36 51.735,+62 13 26.24,2-463.0,27.12,,3.2,4
774,12 36 44.581,+62 13 04.62,1-34.1,21.22,,0.68,2
775,12 36 48.472,+62 13 16.64,2-173.0,23.29,,0.28,1
776,12 36 54.487,+62 13 35.16,2-773.0,26.84,,0.0,4
777,12 36 53.024,+62 13 30.83,2-614.0,26.03,,3.16,4
778,12 36 53.146,+62 13 31.67,2-635.0,25.52,,3.64,4
779,12 36 55.509,+62 13 38.95,2-884.2,26.52,,1.56,4
780,12 36 48.782,+62 13 18.45,2-210.0,22.69,0.749,0.8,4
781,12 36 46.748,+62 13 12.36,2-7.0,23.61,,0.6,4
782,12 36 45.615,+62 13 08.91,1-35.0,23.67,,0.48,3
783,12 36 55.473,+62 13 39.39,2-884.1,26.6,,2.2,4
784,12 36 53.686,+62 13 33.91,2-684.0,27.03,,0.52,4
785,12 36 55.265,+62 13 38.97,2-865.0,27.37,,1.56,4
786,12 36 54.843,+62 13 37.75,2-829.0,26.28,,1.36,4
787,12 36 54.199,+62 13 35.84,2-751.0,26.44,,1.64,4
788,12 36 44.692,+62 13 06.80,1-37.2,25.9,,0.52,4
789,12 36 44.790,+62 13 07.25,1-37.1,25.64,,1.92,4
790,12 36 56.894,+62 13 45.00,2-1031.0,25.21,,0.96,4
791,12 36 52.848,+62 13 32.85,2-608.0,27.52,,1.08,4
792,12 36 49.550,+62 13 22.88,2-275.0,27.36,,1.0,4
793,12 36 49.070,+62 13 21.81,2-236.1,24.41,,0.88,1
794,12 36 48.968,+62 13 21.90,2-236.2,24.43,,1.32,4
795,12 36 51.211,+62 13 29.11,2-429.0,26.98,,1.64,4
796,12 36 48.316,+62 13 20.38,2-168.0,26.95,,3.0,4
797,12 36 52.456,+62 13 33.12,2-572.0,27.11,,3.96,4
798,12 36 46.155,+62 13 13.90,1-47.0,24.2,,0.64,4
799,12 36 47.762,+62 13 18.98,2-122.0,25.68,,2.44,4
800,12 36 48.075,+62 13 19.96,2-150.0,26.28,,0.08,1
801,12 36 51.974,+62 13 32.17,2-531.0,23.12,,0.96,3
802,12 36 54.125,+62 13 38.95,2-764.1,27.03,,1.64,4
803,12 36 48.716,+62 13 22.49,2-208.0,27.84,,1.44,4
804,12 36 55.318,+62 13 43.03,2-888.0,27.74,,2.72,4
805,12 36 56.540,+62 13 47.13,2-1022.0,25.33,,0.72,4
806,12 36 54.621,+62 13 41.31,2-824.0,25.27,2.419,1.92,4
807,12 36 48.504,+62 13 22.79,2-200.0,24.86,,1.24,4
808,12 36 51.463,+62 13 32.05,2-475.0,26.4,,2.16,4
809,12 36 42.273,+62 13 04.30,1-50.0,25.63,,1.16,3
810,12 36 42.512,+62 13 05.12,1-57.12,24.37,,0.72,4
811,12 36 51.702,+62 13 33.48,2-502.1,25.61,,1.4,4
812,12 36 42.626,+62 13 05.94,1-57.1112,23.9,,1.36,2
813,12 36 52.463,+62 13 36.31,2-596.1,27.01,,3.08,4
814,12 36 50.305,+62 13 29.76,2-373.0,25.08,,1.8,4
815,12 36 44.094,+62 13 10.75,1-54.2,24.03,2.929,3.2,4
816,12 36 42.154,+62 13 05.12,1-55.0,25.26,,1.28,4
817,12 36 42.725,+62 13 07.13,1-57.11111,22.19,,0.68,2
818,12 36 49.833,+62 13 29.07,2-328.1,26.63,,1.52,4
819,12 36 48.712,+62 13 25.66,2-228.0,25.89,,0.04,1
820,12 36 49.663,+62 13 28.73,2-313.0,25.53,,3.16,4
821,12 36 49.926,+62 13 29.72,2-343.0,27.59,,1.48,4
822,12 36 51.861,+62 13 35.78,2-539.0,26.08,,1.36,4
823,12 36 44.451,+62 13 13.11,1-56.0,25.9,,1.24,4
824,12 36 52.412,+62 13 37.75,2-604.11,24.79,3.43,3.32,4
825,12 36 52.754,+62 13 39.07,2-637.0,25.07,3.368,3.0,4
826,12 36 43.961,+62 13 12.00,1-58.0,25.77,,2.92,4
827,12 36 54.393,+62 13 44.15,2-816.0,26.45,,2.32,4
828,12 36 55.766,+62 13 48.78,2-966.0,24.91,,1.16,3
829,12 36 55.632,+62 13 48.41,2-958.0,26.14,,1.6,4
830,12 36 53.161,+62 13 40.99,2-682.0,27.89,,0.48,4
831,12 36 55.069,+62 13 47.06,2-903.0,24.52,2.233,1.92,4
832,12 36 53.198,+62 13 41.50,2-682.0,27.48,,3.2,4
833,12 36 55.412,+62 13 48.71,2-940.0,27.44,,0.0,4
834,12 36 47.664,+62 13 25.03,2-146.0,26.54,,1.24,4
835,12 36 53.213,+62 13 42.14,2-687.0,27.52,,1.4,4
836,12 36 55.159,+62 13 48.15,2-916.0,25.27,,2.24,4
837,12 36 53.130,+62 13 41.92,2-679.0,27.83,,1.64,4
838,12 36 48.625,+62 13 28.23,2-246.0,22.74,0.958,1.08,3
839,12 36 43.174,+62 13 11.88,1-63.0,25.78,,1.64,4
840,12 36 51.823,+62 13 38.86,2-551.0,27.99,,3.64,4
841,12 36 43.716,+62 13 13.93,1-66.0,25.43,,1.64,4
842,12 36 53.557,+62 13 44.25,2-746.1,25.99,,2.64,4
843,12 36 49.104,+62 13 30.56,2-282.0,25.94,,4.36,4
844,12 36 55.460,+62 13 50.14,2-952.0,27.07,,2.32,4
845,12 36 50.523,+62 13 34.97,2-400.0,27.46,,1.36,2
846,12 36 52.194,+62 13 40.29,2-587.0,27.16,,2.72,4
847,12 36 44.807,+62 13 17.61,1-68.0,25.42,,0.52,3
848,12 36 53.228,+62 13 43.68,2-712.0,25.55,,0.64,4
849,12 36 48.265,+62 13 28.78,2-203.0,27.76,,1.6,4
850,12 36 42.110,+62 13 10.23,1-71.0,23.74,,4.48,4
851,12 36 52.964,+62 13 43.97,2-689.12,25.17,,1.56,4
852,12 36 53.024,+62 13 44.21,2-689.11,24.6,,1.8,4
853,12 36 51.050,+62 13 38.70,2-480.1,26.13,,3.84,4
854,12 36 44.610,+62 13 18.96,1-76.0,25.01,,0.72,4
855,12 36 53.283,+62 13 45.70,2-726.2,26.98,,1.84,3
856,12 36 54.778,+62 13 50.74,2-898.0,24.21,,1.08,3
857,12 36 49.354,+62 13 34.18,2-317.0,27.56,,1.88,2
858,12 36 55.529,+62 13 53.41,2-982.0,22.59,1.148,1.04,4
859,12 36 53.119,+62 13 46.07,2-726.1,25.92,,2.96,4
860,12 36 42.019,+62 13 12.24,1-78.0,25.65,,1.16,3
861,12 36 49.171,+62 13 34.43,2-299.0,27.82,,1.4,4
862,12 36 46.945,+62 13 27.69,2-108.0,24.63,,0.2,3
863,12 36 55.201,+62 13 53.24,2-942.0,27.53,,0.92,4
864,12 36 51.090,+62 13 40.87,2-483.0,27.82,,1.92,4
865,12 36 48.968,+62 13 34.70,2-289.11,25.37,,1.48,4
866,12 36 47.447,+62 13 30.05,2-153.0,23.58,,0.96,3
867,12 36 47.979,+62 13 31.88,2-197.0,27.2,,0.32,4
868,12 36 54.713,+62 13 52.85,2-892.0,25.97,,4.72,3
869,12 36 45.859,+62 13 25.87,1-87.0,20.93,,0.4,3
870,12 36 43.106,+62 13 17.95,1-83.0,25.15,,1.12,3
871,12 36 47.478,+62 13 31.63,2-156.0,27.29,,0.72,1
872,12 36 52.352,+62 13 46.67,2-640.0,26.48,,0.52,3
873,12 36 55.649,+62 13 56.86,2-1001.0,25.53,,1.32,4
874,12 36 52.521,+62 13 47.54,2-660.0,27.17,,3.0,4
875,12 36 49.239,+62 13 37.55,2-322.0,26.86,,1.44,4
876,12 36 45.409,+62 13 25.97,1-86.0,22.61,,0.48,4
877,12 36 51.369,+62 13 44.66,2-547.0,25.86,,1.92,4
878,12 36 52.641,+62 13 48.80,2-677.0,26.57,,1.52,4
879,12 36 52.969,+62 13 49.88,2-723.0,26.32,,1.2,4
880,12 36 54.851,+62 13 55.67,2-925.0,27.73,,4.6,4
881,12 36 47.387,+62 13 32.80,2-155.0,27.43,,2.92,4
882,12 36 52.229,+62 13 48.07,2-646.0,24.35,,0.52,3
883,12 36 50.197,+62 13 41.84,2-420.0,24.87,,1.4,4
884,12 36 54.099,+62 13 54.34,2-860.0,22.44,0.849,1.0,3
885,12 36 54.523,+62 13 55.87,2-895.0,27.06,,4.0,3
886,12 36 47.064,+62 13 33.03,2-133.0,25.25,,1.0,4
887,12 36 42.740,+62 13 19.73,1-93.0,25.45,,0.56,3
888,12 36 55.589,+62 13 59.88,2-1018.0,23.7,0.559,0.64,4
889,12 36 50.978,+62 13 45.78,2-507.0,26.85,,1.24,4
890,12 36 42.370,+62 13 19.39,1-95.0,23.87,,0.76,3
891,12 36 49.815,+62 13 43.02,2-392.0,26.24,,1.88,4
892,12 36 45.526,+62 13 29.96,1-100.0,25.45,,1.0,4
893,12 36 46.603,+62 13 34.07,2-104.0,26.39,,0.92,4
894,12 36 47.346,+62 13 36.46,2-172.0,27.25,,1.72,4
895,12 36 46.886,+62 13 35.28,2-128.0,26.58,,1.08,4
896,12 36 53.018,+62 13 54.20,2-748.0,27.03,,1.52,4
897,12 36 51.204,+62 13 48.77,2-565.1,25.22,3.162,2.52,4
898,12 36 46.257,+62 13 33.66,2-65.1,25.89,,0.92,4
899,12 36 55.505,+62 14 02.69,2-1023.1,22.94,0.564,0.68,3
900,12 36 48.981,+62 13 42.73,2-327.0,27.67,,1.52,2
901,12 36 50.183,+62 13 46.44,2-436.0,26.57,,4.28,4
902,12 36 42.023,+62 13 21.47,1-105.0,23.59,,0.92,4
903,12 36 50.933,+62 13 49.01,2-524.1,26.47,,2.52,3
904,12 36 52.746,+62 13 54.77,2-736.111,21.98,1.355,1.44,4
905,12 36 52.194,+62 13 53.10,2-663.0,27.81,,2.92,4
906,12 36 46.589,+62 13 36.01,2-116.0,26.35,,2.92,4
907,12 36 46.119,+62 13 34.64,2-61.0,25.27,,0.72,4
908,12 36 53.031,+62 13 56.08,2-758.0,27.1,,0.2,1
909,12 36 44.653,+62 13 30.63,1-108.0,24.8,,0.96,4
910,12 36 50.677,+62 13 49.44,2-493.0,26.94,,2.6,3
911,12 36 46.564,+62 13 36.90,2-113.0,27.17,,1.52,2
912,12 36 51.797,+62 13 53.81,2-652.11,21.1,0.557,0.56,2
913,12 36 50.321,+62 13 49.56,2-469.0,27.27,,2.6,4
914,12 36 49.440,+62 13 46.91,2-456.1111,18.16,0.089,0.08,1
915,12 36 48.029,+62 13 43.07,2-263.0,24.32,,0.84,4
916,12 36 54.596,+62 14 03.67,2-949.1,25.44,,2.12,4
917,12 36 47.174,+62 13 41.88,2-201.0,23.72,,1.16,4
918,12 36 47.854,+62 13 44.11,2-247.0,26.73,,1.36,4
919,12 36 54.505,+62 14 05.04,2-945.0,27.12,,2.76,4
920,12 36 47.452,+62 13 43.62,2-216.0,27.04,,1.56,4
921,12 36 48.059,+62 13 45.67,2-273.0,26.14,,4.32,4
922,12 36 49.879,+62 13 51.34,2-440.0,26.57,,0.0,4
923,12 36 48.817,+62 13 48.10,2-347.0,27.2,,1.68,2
924,12 36 53.451,+62 14 02.39,2-836.0,27.11,,1.56,4
925,12 36 54.879,+62 14 07.67,2-995.0,24.94,,1.56,4
926,12 36 52.812,+62 14 01.37,2-766.0,27.61,,1.16,3
927,12 36 54.283,+62 14 05.89,2-934.0,26.54,,2.12,4
928,12 36 52.323,+62 13 59.87,2-716.0,27.99,,0.36,2
929,12 36 48.450,+62 13 48.44,2-314.0,27.93,,2.2,4
930,12 36 52.992,+62 14 02.48,2-793.0,25.44,,0.16,3
931,12 36 47.672,+62 13 46.19,2-245.0,25.52,,0.96,4
932,12 36 54.582,+62 14 07.82,2-973.11,24.39,,1.64,4
933,12 36 49.449,+62 13 52.40,2-409.0,27.84,,0.0,4
934,12 36 53.504,+62 14 04.91,2-856.0,25.53,,0.96,4
935,12 36 49.044,+62 13 51.20,2-374.0,27.41,,3.64,4
936,12 36 52.267,+62 14 01.42,2-720.0,27.34,,2.52,4
937,12 36 50.887,+62 13 57.31,2-568.0,26.26,,1.12,4
938,12 36 51.984,+62 14 00.82,2-702.1,23.03,0.557,0.52,3
939,12 36 49.491,+62 13 53.47,2-416.1,27.64,,2.36,4
940,12 36 53.593,+62 14 07.00,2-871.0,26.78,,3.16,4
941,12 36 52.874,+62 14 04.86,2-809.0,23.27,0.498,0.64,3
942,12 36 49.723,+62 13 55.77,2-453.0,26.3,,0.92,4
943,12 36 48.763,+62 13 53.25,2-364.0,27.6,,4.8,4
944,12 36 50.770,+62 13 59.63,2-569.0,27.39,,0.64,3
945,12 36 51.986,+62 14 03.51,2-706.0,26.55,,1.12,4
946,12 36 45.892,+62 13 44.78,2-100.0,25.99,,0.28,4
947,12 36 51.620,+62 14 02.82,2-664.0,26.87,,1.24,4
948,12 36 45.498,+62 13 44.12,2-62.0,25.15,,0.4,4
949,12 36 46.324,+62 13 46.97,2-140.0,27.26,,3.08,4
950,12 36 50.285,+62 13 59.19,2-526.0,24.69,,1.28,4
951,12 36 47.669,+62 13 51.31,2-272.0,25.91,,1.64,4
952,12 36 46.443,+62 13 47.96,2-159.0,27.82,,1.96,2
953,12 36 52.310,+62 14 06.05,2-752.0,27.22,,1.6,4
954,12 36 50.390,+62 14 00.26,2-545.0,27.56,,1.92,4
955,12 36 53.599,+62 14 10.15,2-901.1,24.55,3.181,3.24,4
956,12 36 52.162,+62 14 05.80,2-741.1,26.14,,1.92,4
957,12 36 52.989,+62 14 08.47,2-834.2,26.85,,3.0,4
958,12 36 51.937,+62 14 05.43,2-713.0,27.24,,1.64,4
959,12 36 52.905,+62 14 08.46,2-834.1,26.32,,1.72,4
960,12 36 50.107,+62 14 01.11,2-525.0,24.58,2.237,2.2,4
961,12 36 45.909,+62 13 48.45,2-118.0,27.85,,1.6,4
962,12 36 50.678,+62 14 03.15,2-594.1,25.62,,2.88,4
963,12 36 50.870,+62 14 03.95,2-609.0,27.87,,0.96,3
964,12 36 45.359,+62 13 47.00,2-76.11,25.09,3.16,2.68,4
965,12 36 50.733,+62 14 03.90,2-594.2,26.21,,1.64,4
966,12 36 51.722,+62 14 07.27,2-701.0,26.71,,1.52,4
967,12 36 51.966,+62 14 08.11,2-743.0,25.7,,3.12,4
968,12 36 47.009,+62 13 53.05,2-231.0,24.56,,0.44,3
969,12 36 51.140,+62 14 06.00,2-641.0,27.37,,1.64,4
970,12 36 50.078,+62 14 03.66,2-535.0,26.12,,0.8,3
971,12 36 51.401,+62 14 08.13,2-673.0,25.29,,1.16,3
972,12 36 46.753,+62 13 54.20,2-213.1,25.87,,2.4,4
973,12 36 45.396,+62 13 50.06,2-80.0,25.45,,1.8,4
974,12 36 51.861,+62 14 10.35,2-733.0,27.7,,0.72,4
975,12 36 52.365,+62 14 12.07,2-790.0,26.24,,1.64,4
976,12 36 45.568,+62 13 51.99,2-110.0,26.82,,2.28,4
977,12 36 52.233,+62 14 12.67,2-782.0,27.41,,1.64,4
978,12 36 53.865,+62 14 18.19,2-963.0,25.51,,3.04,4
979,12 36 53.655,+62 14 17.62,2-950.0,23.45,0.517,0.44,3
980,12 36 49.796,+62 14 06.21,2-521.0,27.31,,0.64,4
981,12 36 51.336,+62 14 11.05,2-693.1,24.95,,0.0,4
982,12 36 48.477,+62 14 02.25,2-382.0,27.08,,2.04,4
983,12 36 50.222,+62 14 07.63,2-575.0,25.72,,0.52,4
984,12 36 52.536,+62 14 14.74,2-831.0,25.4,,1.0,4
985,12 36 52.231,+62 14 14.14,2-788.0,27.69,,0.4,3
986,12 36 51.359,+62 14 11.54,2-693.2,25.33,,1.64,4
987,12 36 49.304,+62 14 05.61,2-466.0,27.42,,2.08,4
988,12 36 47.783,+62 14 01.18,2-325.0,27.68,,0.72,4
989,12 36 49.506,+62 14 06.75,2-514.0,21.8,0.752,0.92,3
990,12 36 46.036,+62 13 56.38,2-175.0,24.2,,1.0,3
991,12 36 50.580,+62 14 10.40,2-617.0,27.73,,0.36,4
992,12 36 48.498,+62 14 04.21,2-394.0,26.05,,1.72,4
993,12 36 50.142,+62 14 10.40,2-577.0,26.78,,1.6,4
994,12 36 47.571,+62 14 03.24,2-321.2,25.43,,2.2,4
995,12 36 45.459,+62 13 56.97,2-126.0,26.07,,0.92,4
996,12 36 47.390,+62 14 03.00,2-321.1,24.58,,1.8,4
997,12 36 45.839,+62 13 59.19,2-165.0,27.59,,2.48,3
998,12 36 47.093,+62 14 03.15,2-288.0,26.14,,0.92,4
999,12 36 52.894,+62 14 21.00,2-886.0,27.65,,1.12,4
1000,12 36 48.562,+62 14 07.79,2-414.0,25.25,,1.16,2
1001,12 36 51.641,+62 14 17.54,2-755.1,26.25,,0.0,4
1002,12 36 46.742,+62 14 03.03,2-253.0,27.19,,0.84,3
1003,12 36 47.639,+62 14 05.84,2-340.1,25.51,,1.12,3
1004,12 36 51.572,+62 14 17.96,2-755.2,27.12,,0.88,4
1005,12 36 52.401,+62 14 20.99,2-849.0,25.44,,1.6,4
1006,12 36 46.018,+62 14 01.44,2-191.0,27.54,,2.12,4
1007,12 36 47.374,+62 14 05.62,2-316.0,26.57,,0.68,3
1008,12 36 50.370,+62 14 15.32,2-632.0,24.65,,0.68,3
1009,12 36 46.969,+62 14 05.00,2-285.0,26.38,,0.84,4
1010,12 36 49.224,+62 14 11.96,2-497.0,25.92,,1.12,4
1011,12 36 52.870,+62 14 23.26,2-907.0,25.2,,1.64,4
1012,12 36 51.038,+62 14 17.83,2-698.0,27.82,,3.52,4
1013,12 36 51.734,+62 14 20.28,2-779.0,27.57,,3.2,4
1014,12 36 51.182,+62 14 18.85,2-724.0,26.24,,1.04,4
1015,12 36 47.199,+62 14 06.79,2-302.0,27.36,,1.44,4
1016,12 36 49.826,+62 14 14.99,2-585.1111,23.4,2.002,1.64,3
1017,12 36 52.582,+62 14 23.61,2-873.0,27.54,,3.8,4
1018,12 36 46.351,+62 14 04.68,2-251.0,21.24,0.96,0.84,2
1019,12 36 49.591,+62 14 14.75,2-585.2,24.08,,0.92,4
1020,12 36 47.696,+62 14 09.50,2-363.0,25.78,,1.6,4
1021,12 36 45.519,+62 14 02.81,2-158.0,27.35,,4.56,4
1022,12 36 51.396,+62 14 20.91,2-762.0,23.31,,0.44,4
1023,12 36 52.123,+62 14 23.20,2-837.0,26.81,,1.64,4
1024,12 36 47.968,+62 14 10.80,2-388.0,25.63,,1.12,4
1025,12 36 50.710,+62 14 19.33,2-675.0,25.94,,1.44,4
1026,12 36 52.860,+62 14 26.20,2-918.0,27.85,,1.16,4
1027,12 36 48.354,+62 14 12.35,2-432.0,23.88,,0.92,4
1028,12 36 50.361,+62 14 18.65,2-661.0,23.09,0.816,0.84,4
1029,12 36 46.539,+62 14 07.60,2-270.1,23.95,,0.16,4
1030,12 36 49.909,+62 14 18.14,2-601.0,27.46,,0.0,3
1031,12 36 46.404,+62 14 07.67,2-270.2,25.08,,1.2,3
1032,12 36 45.618,+62 14 05.55,2-186.0,26.73,,1.8,4
1033,12 36 44.802,+62 14 03.28,2-107.0,26.98,,1.28,4
1034,12 36 46.397,+62 14 08.59,2-252.0,26.43,,1.56,4
1035,12 36 49.801,+62 14 19.21,2-600.0,25.59,,1.8,4
1036,12 36 49.441,+62 14 18.15,2-560.0,27.82,,3.92,4
1037,12 36 51.853,+62 14 25.87,2-823.0,27.4,,1.88,2
1038,12 36 48.102,+62 14 14.46,2-412.11,24.42,,0.92,4
1039,12 36 51.981,+62 14 26.49,2-844.0,26.21,,0.32,3
1040,12 36 51.678,+62 14 25.89,2-806.0,27.45,,1.24,3
1041,12 36 45.188,+62 14 05.98,2-151.0,27.0,,0.92,4
1042,12 36 45.280,+62 14 07.05,2-163.0,25.55,,0.68,4
1043,12 36 50.166,+62 14 22.09,2-645.0,26.27,,0.2,4
1044,12 36 48.320,+62 14 16.61,2-449.1,23.4,2.008,0.04,4
1045,12 36 44.870,+62 14 06.01,2-127.0,24.68,,1.72,3
1046,12 36 48.565,+62 14 18.06,2-479.0,27.35,,2.24,4
1047,12 36 49.516,+62 14 21.25,2-590.1,25.66,,2.32,3
1048,12 36 47.180,+62 14 14.24,2-353.0,23.55,0.609,0.68,2
1049,12 36 47.596,+62 14 15.70,2-378.0,27.7,,1.6,4
1050,12 36 45.824,+62 14 10.44,2-225.0,26.18,,0.92,4
1051,12 36 52.283,+62 14 30.36,2-889.0,25.56,,2.48,4
1052,12 36 45.994,+62 14 11.18,2-239.12,25.62,,2.16,4
1053,12 36 48.249,+62 14 18.44,2-454.0,24.14,,2.04,4
1054,12 36 45.883,+62 14 12.10,2-239.11,25.21,2.427,1.92,4
1055,12 36 46.653,+62 14 15.16,2-310.0,25.39,,0.92,4
1056,12 36 52.091,+62 14 32.42,2-887.0,25.57,,1.24,4
1057,12 36 52.250,+62 14 33.13,2-905.0,25.82,,0.4,4
1058,12 36 50.557,+62 14 28.51,2-725.0,24.94,,0.68,4
1059,12 36 44.163,+62 14 09.02,2-81.0,25.8,,1.28,4
1060,12 36 52.070,+62 14 33.87,2-890.0,25.65,,1.84,4
1061,12 36 49.245,+62 14 25.35,2-584.1,25.88,,1.6,4
1062,12 36 44.075,+62 14 10.05,2-82.1,24.63,2.267,1.72,4
1063,12 36 53.109,+62 14 38.01,2-1006.0,24.2,,0.4,4
1064,12 36 43.564,+62 14 08.98,2-35.0,24.99,,2.2,4
1065,12 36 46.411,+62 14 18.28,2-303.0,25.07,,0.8,4
1066,12 36 52.408,+62 14 38.77,2-947.0,25.94,,0.0,3
1067,12 36 48.322,+62 14 26.25,2-537.111,19.18,0.139,0.12,3
