ra,dec,z_spec,z_flag
189.13706501353215,62.21327335776786,3.909594,"{6, 7}"
189.13101174089405,62.213989428212855,2.437277,"{6, 7}"
189.1291983907139,62.215140564454934,3.908752,"{6, 7}"
189.14637872060382,62.21550823489571,4.063076,"{4, 5, 6, 7}"
189.12382509524014,62.21549730340388,5.786884,"{6, 7}"
189.12750688375738,62.21619294721527,3.354814,{7}
189.13843062697867,62.21801838859797,2.978967,{7}
189.12177301425024,62.21968372388903,4.914,"{2, 7}"
189.16530890538837,62.22055555468206,1.013731,"{4, 5, 6, 7}"
189.1172020940793,62.221433699750825,4.161308,"{6, 7}"
189.10807529554066,62.22205034287017,3.968633,"{6, 7}"
189.11694726540446,62.22207876358307,5.182848,"{6, 7}"
189.1582453662495,62.22136013287726,9.068484,"{4, 5, 6, 7}"
189.12741112526726,62.22443424990734,3.978188,"{6, 7}"
189.11031858472745,62.22544244372944,5.351595,"{6, 7}"
189.11341360298923,62.22765640268697,4.922789,"{6, 7}"
189.1153167970779,62.23409874869081,5.179648,"{6, 7}"
189.15375902990397,62.22232321376374,2.942906,"{6, 7}"
189.09925933788136,62.23824910408436,3.475048,"{6, 7}"
189.11960463564822,62.23854979291465,5.277043,"{6, 7}"
189.18089237348963,62.23887679829965,5.545638,"{6, 7}"
189.09526435376006,62.239703472075476,3.841797,"{6, 7}"
189.10602065380908,62.240137799093375,4.17467,"{6, 7}"
189.19179253194673,62.24204531469492,4.773197,"{6, 7}"
189.1339233846043,62.24242813778653,3.663253,"{6, 7}"
189.0970107901933,62.24698088940611,4.902988,"{6, 7}"
189.0962213029358,62.248918082673775,3.26,"{2, 4}"
189.11636954392034,62.249101775923364,3.476296,"{6, 7}"
189.1168361021397,62.25074486540323,3.467254,"{6, 7}"
189.08265193081894,62.25247723160351,6.761535,"{6, 7}"
189.07140595422632,62.25326502569788,4.834639,"{6, 7}"
189.19327630338626,62.25372707084826,4.058418,"{6, 7}"
189.09179031231884,62.25374072532921,5.768527,"{6, 7}"
189.11344298847482,62.25480338430457,4.416377,"{6, 7}"
189.08014356130892,62.2553986093555,4.398992,"{6, 7}"
189.09814456124133,62.255552441430716,4.883659,"{6, 7}"
189.0798188542672,62.25646070822843,6.756971,"{6, 7}"
189.20666769481045,62.25677341468013,4.064192,"{6, 7}"
189.14179017654314,62.25841279000412,4.938248,"{6, 7}"
189.2014827088781,62.258632890799674,3.635197,"{6, 7}"
189.13702475518164,62.2587201248694,3.661695,"{6, 7}"
189.08587230943465,62.259044500525704,4.696387,"{6, 7}"
189.1576571698639,62.25929981444334,3.666044,"{6, 7}"
189.1519656570194,62.25963521216192,6.759366,"{6, 7}"
189.10636573906254,62.25971420687521,5.421637,"{6, 7}"
189.13723537049177,62.2606362510657,5.601975,"{6, 7}"
189.12197992479508,62.26130830012754,5.320736,"{6, 7}"
189.13093210899672,62.26199976388494,4.41929,"{6, 7}"
189.1284210756303,62.262771984900674,5.865369,"{6, 7}"
189.16214905172856,62.263810849468214,6.314601,"{6, 7}"
189.0819036958499,62.2649221899439,4.172118,"{6, 7}"
189.09600237750175,62.26541430235651,4.424293,"{6, 7}"
189.05794759025335,62.266520875550704,3.908666,"{6, 7}"
189.08254012622058,62.26932446992568,4.023232,"{6, 7}"
189.13400174814544,62.26945610747303,3.340562,"{6, 7}"
189.05318301153736,62.26955640929942,4.33377,"{10, 6, 7}"
189.11104101528767,62.27190179103356,4.038605,"{6, 7}"
189.0583154970877,62.272558292613084,3.866069,"{6, 7}"
189.09533768260124,62.27309990747221,2.752502,"{6, 7}"
189.15742057081988,62.273606875302164,5.679713,"{6, 7}"
189.0642806828022,62.27429802914863,5.144219,{6}
189.13807673596932,62.27445220538244,6.745649,"{6, 7}"
189.20055154479468,62.27458311727341,3.324926,"{6, 7}"
189.12557650325525,62.27484805370226,3.871523,"{6, 7}"
189.2026030536545,62.27550905029949,6.907079,"{6, 7}"
189.13851114151183,62.27561026151829,6.744623,"{6, 7}"
189.160226685981,62.27622688271192,3.810089,"{6, 7}"
189.17974248093586,62.224629085991644,5.594198,"{6, 7}"
189.15823115100412,62.27842717434089,5.765919,"{4, 6}"
189.1376299809762,62.27863053996361,3.913113,"{6, 7}"
189.13699901321118,62.27895560507869,3.918047,"{6, 7}"
189.09482145059962,62.2789943719872,4.691532,"{6, 7}"
189.12982492073613,62.281169237098965,3.33482,"{6, 7}"
189.17975270932268,62.28238705208586,7.079989,"{6, 7}"
189.09628668994077,62.282484531012564,3.962754,"{6, 7}"
189.10576599321732,62.28337197478065,3.657174,"{6, 7}"
189.13216122442967,62.224859009423476,1.860986,"{5, 6, 7}"
189.1765507764058,62.283723359764544,4.148276,"{6, 7}"
189.18666624107718,62.284913783143,3.317353,"{6, 7}"
189.18118338586046,62.22495090960964,3.654467,"{6, 7}"
189.1840362710666,62.28593002993619,4.153986,"{6, 7}"
189.1059340897561,62.286854218204276,4.470204,"{6, 7}"
189.11186100400698,62.28772989381203,4.379654,"{6, 7}"
189.18335875302895,62.28772220532748,7.021773,"{6, 7}"
189.10256103571794,62.287861512815944,3.657747,"{6, 7}"
189.11428989922354,62.292997119502054,4.822859,{6}
189.1082623048144,62.29318952854989,4.885554,"{3, 6, 7}"
189.12034313440427,62.29486385919126,6.588122,"{6, 7}"
189.1168167533025,62.29809532641526,3.33403,"{6, 7}"
189.1133994120063,62.29819055732666,3.326626,"{6, 7}"
189.1173708639411,62.298258302008946,3.330991,"{6, 7}"
189.18628574858246,62.22539469370035,6.98285,"{6, 7}"
189.10030916904026,62.230852494853,5.200843,"{4, 5, 6, 7}"
189.09490724065162,62.23946247786139,5.301883,"{4, 5, 6, 7}"
189.17476851809738,62.22706220620766,2.01094,"{2, 4, 5}"
189.11160330290662,62.24028044371202,4.159894,"{6, 7}"
189.1072035126018,62.245742131081336,3.966567,"{6, 7}"
189.16577747150117,62.254196909067396,5.127506,"{6, 7}"
189.18030266496842,62.22719693731242,2.996001,{7}
189.15334224136484,62.26427546093741,0.852,"{2, 6, 7}"
189.09272421587352,62.266041562945965,4.469938,"{6, 7}"
189.16746705540643,62.227445442622766,2.400808,{7}
189.13114471543295,62.27035136016714,4.042305,"{6, 7}"
189.11245098498995,62.2874618355639,4.379484,"{6, 7}"
189.1156471608649,62.29659329331632,4.929402,"{6, 7}"
189.0886215673372,62.23948889155013,5.438544,"{6, 7}"
189.20531369296177,62.25077406520988,6.993082,"{6, 7}"
189.1977397875544,62.256964014476154,8.276723,"{6, 7}"
189.10890164819955,62.27469713546936,4.472473,"{6, 7, 9}"
189.14071888572562,62.27724123594986,4.041895,"{6, 7}"
189.07083255108296,62.278037873371794,3.663155,"{6, 7}"
189.06964134434463,62.281019169220514,7.032441,"{9, 7}"
189.19570744893042,62.282424008018,7.085403,{6}
189.1042771995881,62.2845601591487,3.659768,"{6, 7}"
189.17731213168506,62.291057845708245,6.727254,"{6, 7, 9}"
189.17999852966466,62.29140269467759,3.851873,"{6, 7}"
189.17192259957824,62.29445144718797,3.640346,"{6, 7}"
189.1899322238969,62.29984565983788,3.213984,"{6, 7}"
189.16503063286177,62.30019331875428,6.558868,"{6, 7}"
189.18839905142454,62.303048994477386,6.728436,"{6, 7}"
189.1759473348275,62.31153443133764,5.656652,"{6, 7}"
189.1703294270593,62.22949871646007,6.712473,"{6, 7}"
189.17968683247895,62.240785016803436,3.399281,"{6, 7}"
189.1625333719741,62.258245417627734,6.996386,"{6, 7}"
189.05730261456566,62.2700601763944,3.968389,"{6, 7}"
189.11152093660914,62.277942200939336,5.631873,"{6, 7}"
189.12025289401086,62.2779756311401,4.69,"{2, 4}"
189.19078222219335,62.23053524669627,5.81369,"{2, 5}"
189.12567235173518,62.29047218901856,2.05733,"{2, 4}"
189.19834025688849,62.2970149013126,7.0382,"{6, 7}"
189.1656047990161,62.231169947977946,3.654352,"{8, 9, 7}"
189.16010450918603,62.23109542876306,3.978026,{7}
189.1662902664677,62.23208769804803,3.18919,"{4, 5, 6, 7}"
189.17625673103126,62.23223600176283,2.98772,"{4, 5, 6, 7}"
189.18822237873312,62.24603584049075,3.101424,{6}
189.1545591984558,62.24753815822748,5.270887,"{6, 7}"
189.15257217581856,62.23266650460829,4.415003,"{6, 7}"
189.106517388872,62.252056637421546,3.470546,{6}
189.14603820893853,62.25379417403266,3.365899,"{6, 7}"
189.07398671212755,62.25481196972126,3.405398,"{6, 7}"
189.08626589684465,62.25757136710565,3.677411,"{6, 7}"
189.11821922713818,62.26037047807183,3.444315,"{6, 7}"
189.1271765436644,62.26148797265662,3.33531,"{6, 7}"
189.09764722639503,62.26758235301028,4.699135,"{6, 7}"
189.10773892180245,62.269524833733016,3.661756,"{6, 7}"
189.09982099974607,62.27578480992663,3.217923,{6}
189.14088596186687,62.28065847467915,3.335498,"{6, 7}"
189.2330628111964,62.286676866877954,3.20293,{4}
189.13553642458834,62.30016125036875,2.955245,"{6, 7}"
189.12051572706812,62.30316745459501,4.531638,{7}
189.1201100533141,62.30436156843271,5.268569,{7}
189.19176904837832,62.233756822868514,2.96937,{7}
189.16641454710955,62.233839270025015,4.522993,"{5, 6}"
189.09601919070852,62.22594641743039,3.073683,"{6, 7}"
189.1857804109026,62.23728536135841,3.26102,{4}
189.19065059209024,62.239403196576234,3.182104,"{6, 7}"
189.19125924064986,62.24128929444722,0.82962,"{2, 5}"
189.1583596414822,62.24763991644944,1.82132,"{6, 7}"
189.06668590809795,62.25153620846546,4.150101,"{6, 7}"
189.12428747669748,62.23533531607666,3.68394,"{2, 5}"
189.0866645054194,62.26586994735729,3.226256,"{6, 7}"
189.1502349622891,62.23546913329209,2.631382,"{4, 5, 6, 7}"
189.05094952489551,62.272000734127225,3.39886,"{6, 7}"
189.18476243592497,62.27329405906597,4.077533,"{6, 7}"
189.117937757952,62.23551849901763,5.267696,"{6, 7}"
189.1355641683598,62.273498300397584,4.047603,"{6, 7}"
189.0535054212758,62.27400171300837,1.358936,"{6, 7}"
189.09375248599122,62.27948347775502,2.093,"{2, 4}"
189.1876595458532,62.2887770002343,2.525,"{2, 4}"
189.09360831232124,62.291891393819604,3.659015,"{6, 7}"
189.10667326023503,62.23580737674055,1.549063,"{2, 4, 9}"
189.10353888868437,62.296728096603644,2.84118,"{6, 7}"
189.11866356726782,62.225696915473215,3.96,"{2, 4}"
189.12298663377578,62.23411724739543,3.400337,"{6, 7}"
189.1094126088818,62.23880147919797,7.129631,"{6, 7}"
189.12313452679922,62.23689787309738,1.36884,"{2, 4}"
189.10605424752143,62.24204893653358,10.605011,"{6, 7}"
189.1581278540539,62.24517275138643,3.477287,"{6, 7}"
189.17360796345432,62.26274602010889,2.212,"{2, 4}"
189.11527954411002,62.2656600572145,1.5,"{2, 4}"
189.12890596591828,62.27840709551566,4.042823,"{6, 7}"
189.1732701720233,62.27969128035664,2.87,{4}
189.17248595168434,62.2373871718134,1.71014,"{2, 4}"
189.19994707696674,62.30554441906302,3.399986,"{6, 7}"
189.1963698638407,62.237773939994554,0.81926,"{6, 7}"
189.21938693401344,62.238240835485506,5.99125,"{4, 5, 6, 7}"
189.21123983894495,62.23872899999026,1.534011,{7}
189.1185849751317,62.2385958540212,7.67914,"{2, 4}"
189.10913545783515,62.2386582430904,7.135627,"{4, 6}"
189.18525267366311,62.238760924231094,4.046907,"{6, 7}"
189.19247822225836,62.23882485043618,3.240158,{7}
189.09629310395917,62.23914377191549,7.411768,"{2, 7}"
189.17564929351153,62.239211897371824,2.984992,{7}
189.0816842657762,62.239751530593736,2.291153,{7}
189.1975244435611,62.2401018952594,2.600591,"{5, 6, 7}"
189.19426286554625,62.24016786736885,2.58243,"{5, 6, 7}"
189.1008488724661,62.240182939509495,5.298382,{6}
189.1694097232813,62.24038593758642,4.406302,"{11, 7}"
189.1725279765722,62.24053791759467,6.992154,{6}
189.16541576825315,62.24070268793869,1.27125,"{2, 4}"
189.23236009203694,62.24078753454091,2.505811,"{4, 5, 6, 7}"
189.16011971855286,62.24154215429957,4.33184,{7}
189.10604264971155,62.24204477461731,10.603385,{7}
189.1801871533958,62.24239916500368,2.207092,{7}
189.0852828887834,62.24254365678165,0.779,"{2, 7}"
189.07727196526315,62.2425331554748,8.366659,{7}
189.16643685332812,62.242870120283136,0.401662,"{2, 5}"
189.11400425744898,62.24294132162917,5.618319,"{6, 7}"
189.11064504363222,62.243241301270515,0.512634,{6}
189.15808028463687,62.2433200605439,2.202471,{7}
189.24976932249743,62.24390496129983,5.179447,{6}
189.16366371911687,62.244005381891874,1.42319,"{2, 4}"
189.07954071900633,62.24390342479952,3.41477,"{2, 5}"
189.25430304921198,62.244336113652366,3.215083,{7}
189.16094785240705,62.24473158736926,2.978881,{7}
189.15552382022935,62.24501062589632,3.134326,"{5, 6, 7}"
189.13898731269504,62.245240303743486,5.856986,"{2, 4, 5}"
189.09810936015214,62.245575857937176,1.433054,{7}
189.15363654916518,62.245478554239256,4.885898,"{6, 7}"
189.15257952656495,62.24663193204633,3.577907,"{6, 7}"
189.15226903815923,62.24679937352848,1.38256,"{2, 7}"
189.1081829353685,62.24714628240812,6.045765,"{6, 7}"
189.2329047564222,62.247381435674896,6.995999,"{6, 7}"
189.2587786687946,62.24756641020722,3.574661,"{6, 7}"
189.0984092436315,62.247826743612194,2.48636,"{4, 5, 6, 7}"
189.2351267006241,62.247880721981176,2.959392,{7}
189.0963001385882,62.2479736656078,7.088972,"{6, 7}"
189.23680709932202,62.24825078060345,3.184556,{7}
189.16245680722005,62.24880326410312,1.47936,{7}
189.2489154588291,62.24974103232486,6.65407,"{6, 7}"
189.2294424733133,62.24992547644085,3.423205,"{6, 7}"
189.08429839578827,62.250025644294915,2.575211,"{5, 6, 7}"
189.09394801154806,62.25016442205175,2.415277,{7}
189.09684193474212,62.250515881250216,2.410915,{7}
189.10626524115315,62.25054885220197,5.595108,"{6, 7}"
189.16260764833675,62.25079138831092,5.18773,"{5, 6, 7}"
189.24835752011384,62.25124985426503,2.758537,{7}
189.1841574356051,62.25125165151752,0.92375,"{2, 5}"
189.14752482472738,62.25144957934716,3.205593,{7}
189.14551894573611,62.25155223990549,2.729731,"{6, 7}"
189.24816897130395,62.25174861789477,3.780554,{7}
189.2452691628854,62.252529273341494,6.816396,"{6, 7}"
189.15245564253013,62.25268246763078,0.640352,"{2, 6}"
189.24109041695823,62.25335709242332,2.575994,{7}
189.24362707351133,62.253415500675345,2.59752,"{2, 4, 5, 7}"
189.2320160918312,62.255418166766134,4.409697,"{6, 7}"
189.23494089921414,62.255769063735784,2.001139,"{4, 5, 6, 7, 10}"
189.17485269805752,62.25670907138821,2.5787,{7}
189.18537652232772,62.25800720082117,3.16965,"{2, 4, 5}"
189.1847216946726,62.25827549247776,3.333,{6}
189.1539960602218,62.25954077575455,6.757164,{7}
189.2156216656114,62.259788373964234,0.847718,"{2, 4, 7}"
189.2016491705322,62.25993268864749,2.959502,"{6, 7}"
189.1849075215634,62.260344982718436,3.30814,{7}
189.20116072748883,62.260885954230346,1.946184,{7}
189.1967935194902,62.26141252740809,1.904138,"{4, 5, 6, 7, 9}"
189.1867167886811,62.262421741869396,2.202024,{7}
189.18445908396674,62.26248948148332,9.908,"{2, 4, 5, 7, 10}"
189.22058747511923,62.26367513861952,4.406176,"{6, 7}"
189.20745025147562,62.26445322978169,4.063445,"{5, 6, 7}"
189.21742849386678,62.26520578949557,1.608,"{4, 6, 7}"
189.17780612626353,62.265588634994124,6.713699,"{6, 7}"
189.19298351402233,62.26575294118997,7.18511,"{2, 4}"
189.17524792356684,62.26604396979703,3.912068,"{6, 7}"
189.18012352516985,62.26780311042821,1.010192,"{5, 6, 7}"
189.21456509641558,62.26790782606398,2.30014,"{2, 4}"
189.2037725507638,62.268427351689766,7.087833,"{6, 7}"
189.13736043878572,62.26868284257599,3.736,"{2, 5, 7}"
189.13400823557004,62.26977916564395,3.338965,{7}
189.18883729204094,62.26991369706939,5.01609,"{6, 7}"
189.14175422963598,62.27073532037033,1.387524,{7}
189.20416625203381,62.2707601447491,8.931176,{7}
189.14073870202765,62.27148575444673,5.018634,{7}
189.21960755554477,62.2718639747152,3.218176,"{5, 7}"
189.139676921283,62.272422812633444,1.016305,{7}
189.1282833855931,62.272973738788046,5.440207,{6}
189.14578820218466,62.273317928018855,6.664907,"{6, 7}"
189.22218501903512,62.27358537943752,6.90737,"{2, 4}"
189.20034998887897,62.27370124198827,3.317947,{7}
189.107340846543,62.27415100743417,2.612176,{7}
189.15237857520455,62.2751296944592,2.199608,{7}
189.1147067829646,62.27550497127697,2.918146,{7}
189.22173830791704,62.275696787057214,3.416421,{7}
189.21504396150056,62.27700749177262,3.872956,"{4, 5, 6, 7}"
189.1288640180997,62.27890543788103,3.362551,{7}
189.14360284545268,62.28054546605988,4.383165,"{4, 5, 6, 7}"
189.12489774751253,62.2811222296314,2.23,"{2, 4}"
189.14157716396417,62.2819245303132,3.201095,{7}
189.111454746972,62.28194140087519,2.915667,{7}
189.18925733629948,62.283755070634264,2.026,"{2, 4}"
189.10888318617455,62.284217055657734,4.930765,"{6, 7}"
189.14221755493145,62.2845964310019,9.208566,"{6, 7}"
189.18488493195073,62.28493708287356,3.314844,{7}
189.13787468430434,62.28584962634955,0.679217,"{2, 6}"
189.15361238534473,62.28625720038117,0.455532,{7}
189.1212125471607,62.28640562222838,6.666551,"{6, 7}"
189.15531434539818,62.286471450819306,6.808111,"{6, 7}"
189.15031775344875,62.28679320730573,2.982308,{7}
189.122835091783,62.22269042241146,2.748374,"{4, 5, 6, 7}"
189.15500244424146,62.28777349193501,3.396555,"{6, 7}"
189.10908726411245,62.224835480063234,0.696204,"{6, 7}"
189.11654721434897,62.225296024873664,1.67168,"{2, 6}"
189.08585429059238,62.2266001310581,1.010929,"{9, 7}"
189.1383284369887,62.289865443173255,9.304765,"{6, 7}"
189.10723033208205,62.22894990236498,2.936855,"{4, 6, 7}"
189.08912251620345,62.22942512339734,1.24831,{4}
189.08861555010722,62.229713177653196,1.0047,"{2, 4}"
189.08620569523003,62.23103043175396,1.972433,"{6, 7}"
189.10652277316703,62.230628071344995,2.937017,"{6, 7}"
189.13779707061673,62.29162884838282,2.87402,"{2, 3, 4}"
189.1024347205736,62.231893431651585,1.193,"{5, 6, 7}"
189.04125858170343,62.23349855515247,1.57954,{4}
189.12251529864125,62.2928497492568,4.682534,"{6, 7}"
189.12791602353053,62.233649890165054,3.069841,{6}
189.11991626569719,62.23400244023245,3.215139,"{2, 6, 7}"
189.04313999094637,62.23416348058913,1.071011,"{6, 7}"
189.12142360747623,62.29445445822807,3.396225,"{5, 6, 7}"
189.09733743939228,62.236013066614255,2.378,"{6, 7}"
189.08508909699762,62.2359658655147,1.873474,"{6, 7}"
189.04674014168123,62.236627424967566,2.266501,{6}
189.08871971955722,62.236707681903496,3.85785,"{6, 7}"
189.12007278602493,62.295024916679395,1.255734,{7}
189.0291114195693,62.23724662404234,0.9386,"{6, 7}"
189.03613731959476,62.23769219678188,1.67569,"{6, 7}"
189.04437712691478,62.23741063687879,1.691267,"{4, 5, 6}"
189.10961336914158,62.237954404149775,1.893,"{2, 4}"
189.02941765179668,62.23789165113425,2.138821,"{4, 5, 6}"
189.11716445156168,62.23880997184244,1.877452,"{6, 7}"
189.0244383989448,62.2388240451092,2.140864,"{6, 7}"
189.00873074997267,62.239007086230934,3.659887,"{6, 7}"
189.01267713769442,62.238874818379,1.025978,"{4, 6, 7}"
189.16868320976934,62.23938763646221,3.168385,"{6, 7}"
189.13230736519742,62.23969404394805,3.218786,"{6, 7}"
189.09940383421545,62.23980620839126,3.1244,"{6, 7}"
189.04314575210205,62.239869897180064,3.069748,"{2, 5}"
189.0956724782647,62.23996346433568,2.919927,"{6, 7}"
189.11483958161938,62.24004721459831,2.98628,"{6, 7}"
189.13517478168563,62.24003688103603,1.636687,"{2, 4}"
189.12286855461556,62.24038071278287,1.923891,"{5, 6, 7}"
189.08124600729462,62.240265431392984,2.312794,"{6, 7}"
189.03354496675482,62.24070158634516,2.92846,"{6, 7}"
189.07292532271615,62.240971027891234,2.981457,"{6, 7}"
189.04949984454421,62.24117557664354,1.284448,"{6, 7}"
189.1841325325949,62.24149377694705,2.582625,"{6, 7}"
189.19309861144825,62.24184521438098,2.225259,"{6, 7}"
189.1818655360162,62.242298984497594,1.04441,"{2, 4}"
189.1091727086786,62.24244776134049,1.598,{4}
189.0912598073264,62.24257894451406,3.130136,"{6, 7}"
189.02635576574406,62.24257919403078,2.328177,"{6, 7}"
189.15230753582867,62.24294597034417,1.969433,{6}
189.03186652311382,62.24309487107205,2.002,"{4, 5, 6, 7}"
189.0410605619187,62.243227278993,3.682321,"{6, 7}"
189.08398428101864,62.24342948323279,0.688577,{6}
189.0357219597444,62.243153623035596,3.12931,"{6, 7}"
189.0478193736898,62.24348085509852,2.088131,{6}
189.10728379365057,62.243385953661964,3.339229,"{6, 7}"
189.10869110675668,62.24390589943943,2.577067,"{6, 7}"
189.00966234572698,62.243851379264285,2.53247,"{6, 7}"
189.18360238771598,62.24444702750108,2.48672,"{2, 6, 7}"
189.1131268258771,62.24467766516836,2.264532,"{6, 7}"
189.07295027845706,62.24405825183628,1.838789,"{9, 10, 7}"
189.08222958759993,62.245038715746816,3.07898,"{6, 7}"
189.03501537352713,62.244742785401996,0.468406,{7}
189.03240832702923,62.2455090120158,3.250335,"{6, 7}"
189.04237241579747,62.245532361557025,3.065993,"{6, 7}"
189.01898587186864,62.24551589087633,2.21717,"{6, 7}"
189.08076854559505,62.24541583899664,2.320719,"{6, 7}"
189.02323436827382,62.245629621187675,4.150369,"{6, 7}"
189.11083984182193,62.24553187744599,0.623959,"{6, 7}"
189.1720896429812,62.24606990127243,3.176535,"{6, 7}"
189.11464244448294,62.24614867333079,2.063373,"{6, 7}"
189.00666962934952,62.24582371917377,0.676875,"{2, 6}"
189.10830779846003,62.246280098031455,2.04188,"{2, 4}"
189.10564252442373,62.246328276189885,2.074549,"{6, 7}"
189.04635807921557,62.24628015530168,1.741209,{6}
189.04844536497828,62.24647203268437,1.482838,{6}
189.04876942329608,62.24654701694955,1.477662,"{6, 7}"
189.02657914006184,62.24695349904728,1.19268,"{2, 4, 5}"
189.15738750562952,62.24754097296912,2.34868,"{2, 4}"
189.0323928439733,62.24718913579671,2.588868,"{6, 7}"
189.19024010367306,62.247674827860735,2.189984,"{6, 7}"
189.07929581391576,62.24680203674142,2.305195,{6}
189.20375551368903,62.247504928612656,2.370269,"{6, 7}"
189.18346828370377,62.24739325156042,1.780517,{6}
189.1174344977375,62.24857866791102,2.323886,"{6, 7}"
189.20115267420218,62.24893520391664,2.979534,"{4, 5, 6, 7}"
189.09822954473927,62.248995956796755,2.418966,"{6, 7}"
189.07138586068382,62.24973176884294,2.940577,"{6, 7}"
189.156722267132,62.25023821366583,2.277476,"{6, 7}"
189.04678829122284,62.25005440292349,2.413705,"{6, 7}"
189.1799888885973,62.25056871182263,1.901088,"{6, 7}"
189.03994865549487,62.25039987587567,2.050599,{6}
189.06739371830938,62.25067309904977,1.993861,"{5, 6, 7}"
189.01833028710024,62.250331285639454,3.132904,"{6, 7}"
189.10936933925495,62.250895365697374,1.34349,"{6, 7}"
189.081045186903,62.25063320210158,3.125412,"{6, 7}"
189.02802652197698,62.25092069421498,2.263942,"{6, 7}"
189.19836504044522,62.251095544680545,1.016109,"{6, 7}"
189.11249977402036,62.25120418313108,2.479203,{6}
189.09886807427375,62.25048602383902,1.774811,"{4, 5, 7}"
189.11440001859128,62.25132906773211,1.136,"{2, 6}"
189.01464125457593,62.25152361413844,2.940598,"{6, 7}"
189.02059190318013,62.25153122533561,2.279864,"{6, 7}"
189.09947152342713,62.25172807505722,1.01947,"{2, 4}"
189.03204994823838,62.25088642840133,1.675195,"{6, 7}"
189.0273784942403,62.251058746710676,2.086989,"{6, 7}"
189.18852731201642,62.25218326963683,2.9406,"{6, 7}"
189.00733465346264,62.25214713773102,5.451199,"{6, 7}"
189.04212350270922,62.252378878125874,0.931,"{2, 5}"
189.11822377383817,62.25243189772842,1.78987,"{4, 5}"
189.15741708238542,62.25263234302965,1.81804,"{6, 7}"
189.1635927826351,62.25273394545618,2.326099,"{6, 7}"
189.0897490161994,62.253498841374686,1.707157,"{6, 7}"
189.16234694144265,62.253684096582944,2.96743,"{6, 7}"
189.0312767793607,62.253849695529844,1.673355,{6}
189.05218497422206,62.253607309243314,2.74401,{4}
189.11469387679708,62.25400324386857,0.803905,{4}
189.01942860818204,62.25422349818205,1.322014,"{6, 7}"
189.17711679343483,62.254501187547454,0.30598,"{2, 5}"
189.03214707058447,62.25448668511797,1.672148,{6}
189.1395588510555,62.213675782642525,1.222,"{2, 4}"
189.1331815014213,62.21444135093088,2.444021,"{6, 7}"
189.0544735342555,62.25461623313657,1.480926,"{6, 7}"
189.1415085001148,62.21946086343256,2.748083,{7}
189.1176365731133,62.255224140230546,0.674465,"{6, 7}"
189.14060466702676,62.2203658722321,2.441103,"{6, 7}"
189.03274021281135,62.254738664710985,1.439393,{4}
189.1485780046514,62.255478130548276,2.59097,"{2, 4}"
189.2098876611481,62.255538113104045,0.972395,"{6, 7}"
189.0739099003108,62.25544802122711,1.878671,"{6, 7}"
189.1163735311161,62.25553124544232,1.452,"{4, 6}"
189.19644322659028,62.25560400018594,2.314527,"{6, 7}"
189.02203430745078,62.25557142617346,1.102588,{6}
189.03332963233075,62.2558897102425,1.48502,"{2, 4}"
189.01504664409651,62.25588090600782,2.179365,"{6, 7}"
189.14971946563807,62.22212397112279,5.929676,"{6, 7}"
189.1716417050685,62.256132665880486,1.999495,"{2, 4, 5}"
189.08858760006092,62.25579608530882,1.622535,"{6, 7}"
189.19026159627956,62.255729414945485,1.90334,"{6, 7}"
188.9919592110111,62.25612443411223,1.362968,"{6, 7}"
189.1480421287147,62.256067208725,2.997292,"{4, 5, 6, 7}"
189.1219644279214,62.256471947767956,2.192074,"{6, 7}"
189.0853334947049,62.256597357010875,2.149819,"{5, 6}"
189.13647358333563,62.223402967016064,7.137152,"{6, 7}"
189.0987008428424,62.25626845730338,0.841604,"{6, 7}"
189.1241946196592,62.22515250922082,2.930185,{7}
188.99467867600814,62.25667329634846,1.477154,"{6, 7}"
189.1122615710349,62.25710262972164,2.004964,"{6, 7}"
189.03528319657264,62.25702966568112,1.675904,"{6, 7}"
189.12040933234286,62.25670806693931,1.6441,"{4, 5, 6, 7}"
189.1112084188559,62.256979689750736,1.645535,"{6, 7}"
189.17523044677546,62.25727451391346,1.523889,"{6, 7}"
189.0829994832473,62.25737956704439,1.219345,"{2, 4, 7}"
189.0185645194044,62.257477792517236,1.38187,"{2, 4, 5}"
189.11068455774344,62.25761277033569,1.673,"{4, 5, 6}"
189.09503561758746,62.25682573814453,1.746684,"{6, 7}"
189.13233698536854,62.257873370296544,1.999853,"{6, 7}"
189.1603816383176,62.22750250150682,1.015556,{7}
189.15442622584965,62.22901877885846,2.097839,{7}
189.09740828285277,62.25814567914927,1.779,"{2, 4}"
189.15730333798095,62.22782746264349,1.016838,{7}
189.08705624743752,62.25842837795539,2.230487,"{6, 7}"
189.15677297159655,62.228400654196264,0.974996,{7}
189.02699884366135,62.25879933716702,2.396188,"{6, 7}"
189.1209620133294,62.258717177516324,0.89741,"{2, 4}"
189.0032473685357,62.25913891601846,3.187442,{6}
189.132865483862,62.259300439923436,1.993826,"{6, 7}"
189.17337060936708,62.23041044905238,3.129673,"{6, 7}"
189.14781129332303,62.230453861322786,4.410909,"{6, 7}"
189.1828050465499,62.259795201202195,2.635088,"{6, 7}"
189.16102172136635,62.25990463799326,3.002648,"{6, 7}"
189.08481854165217,62.26016565146983,1.677527,"{6, 7}"
189.11528460357022,62.259382598209115,1.664975,"{4, 7}"
189.01934646221656,62.260254944282224,1.533041,"{4, 5, 6, 7}"
189.1948415114649,62.23163288734526,2.998892,"{4, 5, 6, 7}"
189.182535430229,62.232005211148504,2.991986,{7}
189.11695188817626,62.25971851349016,2.00217,"{6, 7}"
189.00269155713286,62.259945011280706,2.032964,"{6, 7}"
189.02575423375447,62.26049954285082,3.129334,"{4, 5, 6, 7}"
189.1702084248795,62.232869951562044,2.993924,"{4, 5, 6, 7}"
189.02483737582097,62.26128165999981,1.806861,"{6, 7}"
189.17815378708835,62.23412943389347,1.991142,{7}
189.00079690242694,62.26172926559931,1.66933,"{6, 7}"
189.07902444548782,62.26188815683398,1.379,"{2, 5}"
189.17377874712935,62.26198695344612,0.510189,"{2, 5, 7}"
189.1144541342472,62.23503733037233,2.273725,"{4, 5, 6, 7}"
189.03648994635964,62.26226896953688,1.0609,"{4, 7}"
189.14791019044466,62.26278070789946,1.75134,"{2, 4}"
189.18391934909297,62.236103515508496,2.997394,"{9, 3, 7}"
189.11081022053858,62.26294715186852,0.85114,{4}
189.0974237833158,62.2629940323914,2.968075,"{6, 7}"
189.1046696413663,62.26322757472027,0.96,"{2, 4}"
189.18219693793108,62.26288946717401,1.741963,{6}
189.08032701836538,62.26328417352533,2.00717,"{3, 6, 7}"
189.09962119754408,62.26356292999449,3.223799,"{4, 5, 6, 7}"
189.2003981604685,62.23736509945553,0.965901,"{4, 5, 6, 7}"
189.09685548802108,62.237503610934766,1.43938,{7}
189.20124397446637,62.23794553073408,2.001593,"{6, 7}"
189.17175405317136,62.237977755975244,1.986808,"{6, 7}"
189.08602990782043,62.26415986397274,1.370202,"{6, 7}"
189.18450664128818,62.26435442268507,3.587074,"{6, 7}"
189.16752667496328,62.263942506401015,0.606516,"{6, 7}"
189.07805695080756,62.263862364452315,1.983806,"{9, 7}"
189.11439081281165,62.26360696544238,1.506068,"{6, 7}"
189.12244927729847,62.238392207143555,0.99392,"{4, 5, 6, 7}"
189.22442250974825,62.23837624493532,2.976833,"{6, 7}"
189.0260905378798,62.26460182060016,2.41481,"{6, 7}"
189.10098360008607,62.26438690093884,2.97821,"{6, 7}"
189.01350806530854,62.264259618919176,2.175201,{6}
189.1891723722807,62.265084169899005,1.899206,"{6, 7}"
189.15691089214027,62.265129289311204,1.28877,"{2, 4}"
189.02473354133747,62.26508994506978,2.182692,"{5, 6}"
189.10225891619476,62.26496185939231,2.969115,"{6, 7}"
189.19911977409083,62.23929057165525,1.994832,{7}
189.00218719918533,62.265437445617074,0.685676,{6}
189.1487460843847,62.26537784285275,0.751901,"{6, 7}"
189.11306735036754,62.26580921308202,2.23595,{6}
189.10347915613403,62.265309804865474,2.9737,"{6, 7}"
189.1136874169728,62.26580717229929,3.127855,"{6, 7}"
189.12817498801314,62.26580822287721,1.250208,"{6, 7}"
189.12350489962574,62.24121607565757,1.224,"{4, 5, 6, 7}"
189.0542821039897,62.266235094655094,1.23898,"{2, 4, 6}"
189.10950131012967,62.24144444120672,1.765,"{2, 4, 5}"
189.17492531347963,62.26664821880939,2.253404,"{6, 7}"
189.11207351604773,62.266693342808885,2.924404,{4}
189.02769036100818,62.26670286943066,1.792343,"{6, 7}"
189.00763821170693,62.26679718837699,2.158444,"{6, 7}"
189.11855466223,62.242763177921695,5.177294,"{6, 7}"
189.11527713663833,62.24223873735032,3.848991,"{6, 7}"
189.01490312207565,62.267188741678055,1.613637,{6}
189.15681860555986,62.267467466201666,1.69833,"{2, 4}"
189.12157978852022,62.26747477691523,1.640309,"{6, 7}"
189.14932624863212,62.24375586040364,1.998656,"{4, 5, 6, 7}"
189.0592269984169,62.26739185542416,1.682785,"{6, 7}"
189.12188199514074,62.26803679817362,1.479,"{6, 7}"
189.1233231535275,62.26804370422373,1.487671,{6}
189.11276200055596,62.26801839450988,2.30257,"{6, 7}"
189.0585671287112,62.26804494634997,0.789155,"{6, 7}"
189.0145954026941,62.26820483605936,5.593961,"{6, 7}"
189.10045355300738,62.26765417439787,1.704709,"{4, 5, 6, 7, 10}"
189.1737919806414,62.24379043575901,0.921831,"{5, 6, 7}"
189.1410331741083,62.268369567130996,1.31979,"{2, 4}"
189.10349305305436,62.2682050155003,1.686618,"{6, 7}"
189.1074055642378,62.268485779655585,2.985653,"{6, 7}"
189.1278224405684,62.2443133317107,1.36551,{4}
189.12752072904806,62.244797056754614,1.483543,{7}
189.12473446707745,62.26856264964064,7.4169,"{2, 4}"
189.06194062997614,62.26848175738328,2.117168,"{6, 7}"
189.21514226724852,62.268585721515954,2.041633,"{6, 7}"
189.21763364673257,62.26894058391497,3.152819,"{6, 7}"
189.21846482248762,62.24454486194603,3.520406,"{6, 7}"
189.08310308893866,62.2690064098117,3.195179,"{6, 7}"
189.0244748473801,62.26940627739725,2.097554,"{6, 7}"
189.04998966612354,62.26956061866679,1.062,"{2, 6, 7}"
189.12027431958475,62.26964902133888,0.510197,{6}
189.1447297305273,62.24551770540997,3.664002,"{6, 7}"
189.14660025357546,62.26990831456787,3.369529,"{6, 7}"
189.03140262573416,62.26948983012886,3.128753,"{6, 7}"
189.1269271926905,62.27013962114397,1.294,"{2, 4}"
189.089902125633,62.246135948059425,2.08205,"{2, 4}"
189.09163440135663,62.27025694234772,1.264,"{6, 7}"
189.18595364570396,62.270324763968475,2.610882,"{6, 7}"
189.17793285629233,62.24630940336707,3.564764,"{6, 7}"
189.10033724659647,62.26993734884386,1.16378,"{10, 4}"
189.1826448873677,62.24650995715429,5.90107,"{6, 7}"
189.2278435548204,62.246537714008156,2.422393,"{5, 6, 7}"
189.16007189259108,62.270487473514734,1.489837,"{6, 7}"
189.15123388343736,62.270321040906175,1.968472,"{6, 7}"
189.16306620982505,62.27046427544933,1.680477,"{6, 7}"
189.09220656395615,62.27058192861193,0.97933,"{2, 4}"
189.21800816254458,62.27047567148882,0.84181,"{2, 4}"
189.17508368252007,62.2469110209335,2.963701,{7}
189.22643770372414,62.24714981919786,2.910997,{4}
189.18459871037354,62.24738375846059,2.947471,"{6, 7}"
189.19395871915944,62.2709922875243,1.053287,"{6, 7}"
189.1553984924765,62.27083080506818,0.845718,"{2, 7}"
189.0854239850314,62.271089409991504,1.95784,"{4, 5, 6}"
189.0229212048457,62.27110850344873,2.533851,"{6, 7}"
189.14601477939482,62.27181249208413,2.927969,"{6, 7}"
189.1265676237505,62.27165875570948,2.981229,"{6, 7}"
189.20736545333045,62.27190547447532,0.796,"{2, 4}"
189.09376672726665,62.24823053154742,3.237784,{7}
189.21372811063299,62.27180404947326,1.818452,"{6, 7}"
189.04259259005724,62.27191227472906,1.672106,"{6, 7}"
189.17471270403345,62.2490764508289,0.849817,"{5, 6, 7}"
189.17410908625664,62.24882648956136,2.95881,"{4, 5, 6, 7}"
189.133680608594,62.27234933992132,3.358976,"{6, 7}"
189.09458733667677,62.27224489415523,2.002812,"{6, 7}"
189.25445961219617,62.249261255697476,3.924133,{6}
189.24453445242028,62.249781752005546,1.686818,"{6, 7}"
189.1032384890987,62.272936377887774,2.486531,"{6, 7}"
189.15027543470862,62.24973351413277,2.237185,"{6, 7}"
189.09489858175428,62.27292792367233,2.003048,"{6, 7}"
189.2206802980388,62.273208695768254,2.312853,"{6, 7}"
189.22347062813856,62.273299519236666,3.127395,"{2, 6}"
189.06418936137945,62.2732909615428,1.322642,"{6, 7}"
189.15488424278487,62.27343502906742,1.91368,"{2, 5}"
189.1176102421886,62.2735644820243,1.851661,"{6, 7}"
189.06457656704686,62.27381997484285,2.271393,"{4, 5, 6, 7}"
189.05934100495253,62.27384031914494,2.027948,"{6, 7}"
189.23763480739814,62.25092044237672,1.919174,{7}
189.18874141253144,62.25129203721704,1.528459,{7}
189.09691038819182,62.27482893077437,2.493887,{6}
189.0601732542926,62.27435430220898,2.016917,"{6, 7}"
189.17855015024847,62.2745445579701,5.19777,"{2, 4}"
189.22770092088334,62.251763938096055,4.400809,"{6, 7}"
189.1213259839412,62.27465931849906,3.204491,"{6, 7}"
189.22584198723877,62.251939809414985,4.410187,"{6, 7}"
189.1321503285485,62.275211649371165,2.278393,"{4, 5, 6, 7}"
189.06792633495314,62.275126850983135,2.113775,"{6, 7}"
189.25255758858268,62.25299993399015,0.69698,{7}
189.1599373806248,62.27534183701887,1.79784,{4}
189.12537404435017,62.27666719989062,1.675095,"{4, 5, 6, 7}"
189.22435943920328,62.27560762952495,6.733519,{6}
189.23567867692222,62.2536201896829,2.964021,"{6, 7}"
189.1346821571043,62.27700161418972,1.522251,"{6, 7}"
189.0651133835851,62.276271118794426,2.100545,"{6, 7}"
189.18112900828518,62.276413525350634,3.360604,"{6, 7}"
189.0813226696939,62.27797318161491,1.990178,"{6, 7}"
189.06670583459098,62.27717008020306,2.107262,"{6, 7}"
189.24667895285418,62.25552801920854,0.95467,"{5, 6, 7}"
189.20755719267342,62.27745486734472,1.30301,"{2, 4}"
189.13717860448074,62.27757249224712,2.852419,"{6, 7}"
189.11011766989716,62.2775722658639,2.436766,"{6, 7}"
189.17701696213715,62.277702889304365,2.491489,"{6, 7}"
189.17607762006907,62.25632459838476,4.415676,"{4, 5, 6, 7}"
189.092867997563,62.27821544304611,2.105007,"{6, 7}"
189.09674931462578,62.27787916420049,3.209643,"{6, 7}"
189.19340081285029,62.27794883239855,3.231676,"{6, 7}"
189.2245484008318,62.278645839097415,1.788175,"{6, 7}"
189.1725859480005,62.279207289874726,1.103,"{2, 4}"
189.12274051790044,62.279119551683465,2.062435,"{6, 7}"
189.19575752418396,62.25848464545773,1.058,"{2, 5, 7}"
189.16814764035055,62.279766621852914,1.062265,"{6, 7}"
189.09063530163854,62.27998071829351,2.09433,"{6, 7}"
189.0989314134077,62.28066422473672,2.012079,"{6, 7}"
189.09377171497152,62.28021653005786,2.094538,"{6, 7}"
189.22005228640614,62.27984722201617,1.998,"{4, 5, 6, 7}"
189.17037810870008,62.28049852903407,0.755937,{6}
189.1738695039404,62.280553304027194,1.262,"{2, 4}"
189.19168929427403,62.26025859977375,4.408952,"{8, 9, 7}"
189.21526779210183,62.26089756537222,2.336543,{7}
189.19527364921626,62.26128979367753,0.906573,"{4, 5, 6, 7}"
189.20201583891213,62.26127009722538,0.502702,{7}
189.1406841406633,62.281306535261535,0.142322,"{5, 7}"
189.17137344140122,62.28122451679285,0.849,"{6, 7}"
189.17545786339596,62.2811582440381,0.747,"{6, 7}"
189.12830103080887,62.282058401954735,2.235963,"{6, 7}"
189.22373822385026,62.28158510703063,2.42858,{6}
189.09767052738115,62.281474366540294,3.400739,"{6, 7}"
189.101482968204,62.28156212317082,2.266865,"{6, 7}"
189.21509735499288,62.2817996899059,2.042234,"{6, 7}"
189.16374236601197,62.26328190795155,1.756681,{7}
189.08617364900434,62.28266720685483,1.678532,"{9, 7}"
189.19121487229688,62.282133281554756,2.534284,"{6, 7}"
189.17004469148426,62.28249669689784,1.81377,"{4, 5}"
189.14161373664228,62.28290559115277,3.210251,"{6, 7}"
189.07337340533283,62.28313807963973,1.677048,"{6, 7}"
189.10082842942384,62.28328129167095,2.585336,"{2, 4, 5, 6}"
189.209198615324,62.26426857609074,2.96585,"{6, 7}"
189.2192196717903,62.26442995892577,1.75309,"{2, 4}"
189.1427751124826,62.28371257397378,2.37629,"{6, 7}"
189.19691009972013,62.28410405185229,2.318969,"{6, 7}"
189.23130971974126,62.28376776943353,1.84349,"{2, 4}"
189.09153461276142,62.28390094582374,1.885709,"{6, 7}"
189.2180383780377,62.2840736630034,1.001,{4}
189.1181335746037,62.28414622089989,1.346792,"{4, 5, 6, 7}"
189.22359312149126,62.28453233188568,2.049645,"{6, 7}"
189.17881078843683,62.26571113673694,0.81418,"{2, 4}"
189.2007226975424,62.28470084527266,1.82162,"{6, 7}"
189.0856622768071,62.28487440162722,1.06565,"{2, 4}"
189.1057396725567,62.28557513748438,1.796774,"{6, 7}"
189.11893801397568,62.28528325125819,2.480973,"{6, 7}"
189.086973527782,62.285225341377604,0.68104,"{2, 5, 7}"
189.14499612765323,62.286212611022876,1.623268,"{6, 7}"
189.1880036893043,62.28589276692327,2.312055,"{6, 7}"
189.19918994314511,62.28602904289612,2.951507,"{6, 7}"
189.07143920991203,62.2864154457826,0.945537,"{4, 6, 7}"
189.1136219267739,62.28686371512727,1.785017,{6}
189.10565499165216,62.28663522049038,2.970475,"{6, 7}"
189.1932075138195,62.28673448699019,2.38858,"{2, 5}"
189.11997620948574,62.27251387018103,1.64633,"{2, 4}"
189.10455697102466,62.28695331567887,2.978615,"{4, 5, 7}"
189.09502804620445,62.28730596576221,2.019788,"{9, 6, 7}"
189.14021495448176,62.287327005911045,1.62785,"{4, 5, 6}"
189.1258594620524,62.2700114499906,0.891996,{6}
189.1378485674693,62.269946106918496,1.526783,"{6, 7}"
189.19443862839776,62.2707175247141,4.077448,"{6, 7}"
189.10924379824414,62.27106879229761,0.77053,"{2, 4}"
189.20223900509689,62.288390015309425,0.490697,"{6, 7}"
189.1762502560292,62.28860373605772,3.195772,"{6, 7}"
189.10927106286695,62.28882714370158,0.96814,"{6, 7}"
189.08914787764382,62.28882246177966,1.78822,"{6, 7}"
189.12062925302845,62.28869138943782,2.051798,"{6, 7}"
189.139205337647,62.28891718828863,1.983657,"{6, 7}"
189.12027129908952,62.28896543292135,2.51581,{6}
189.11203241289914,62.2889899746498,3.12834,"{4, 6, 7}"
189.13018787006197,62.27211778562408,3.245705,{7}
189.12601265563077,62.272179510607735,0.81273,"{2, 4}"
189.12715719115565,62.289434015838346,2.849777,"{6, 7}"
189.14672729468774,62.28937372848623,1.587102,"{6, 7}"
189.20953708978186,62.28933960573309,0.79616,"{2, 5}"
189.1385334686832,62.28957528041929,1.921206,"{6, 7}"
189.141247792084,62.2896691093252,2.441,{6}
189.1056559327494,62.28967344242336,1.37776,{4}
189.12193166961148,62.272988196466095,1.31384,"{2, 4, 7}"
189.13221686126528,62.289825712801836,1.697,{4}
189.21818460944212,62.273389281035335,1.995838,{7}
189.09001538372817,62.29015250213489,1.730921,"{6, 7}"
189.2047969093773,62.27364125173337,1.474376,{7}
189.11514912705897,62.290203859098945,2.477149,{6}
189.19753940698305,62.29132853840117,2.244271,"{6, 7}"
189.1934198439536,62.290951781187424,2.749009,"{6, 7}"
189.2115938962708,62.2912226083165,2.425755,"{6, 7}"
189.2157644330523,62.291497354653686,1.808,"{4, 6, 7}"
189.20289006423266,62.29157920559542,2.376297,"{6, 7}"
189.100080892925,62.291497941018754,2.474879,"{6, 7}"
189.20001689603154,62.29204042784009,2.01152,"{2, 4}"
189.0902239236627,62.29182261050529,3.649177,"{6, 7}"
189.19146915662378,62.29264203267493,1.440813,"{6, 7}"
189.108511052013,62.29228644626454,1.21,"{2, 4}"
189.101221491631,62.29303097830296,1.03751,{6}
189.15963077740037,62.29287113790045,1.327001,"{6, 7}"
189.21217845351595,62.29281568634381,2.041601,"{6, 7}"
189.09467482026977,62.29315741645561,2.386877,"{6, 7}"
189.1686000612792,62.29387662311779,3.015568,"{6, 7}"
189.12009287916723,62.29412782181312,2.938494,"{6, 7}"
189.10006578296623,62.29437615231253,2.482716,"{6, 7}"
189.1789813572733,62.29442798244394,2.943259,"{6, 7}"
189.20820858125413,62.29461407829058,1.700812,"{6, 7}"
189.18897358115808,62.29488336017285,3.198147,"{6, 7}"
189.1758513303661,62.295435261364865,2.311401,"{6, 7}"
189.13444897139357,62.27636459167362,1.485325,"{6, 7}"
189.10908396102295,62.295019608427495,1.682664,"{6, 7}"
189.10232439214792,62.295551090178684,2.518,"{2, 4}"
189.12348017276966,62.27695607141126,1.38073,{7}
189.18074132438994,62.296932049945035,0.810963,"{6, 7}"
189.21388008334966,62.29747691521717,1.875704,"{6, 7}"
189.12934180347293,62.297099432725226,0.94361,"{2, 7}"
189.11979369753342,62.27853951258227,3.389084,"{6, 7}"
189.12569462488764,62.29779972295486,2.419977,{6}
189.133263315257,62.297378196034295,2.409403,"{2, 6}"
189.15941115331967,62.29738648221613,3.231031,"{6, 7}"
189.1237369895779,62.279253180094535,2.271534,"{6, 7}"
189.13510666210516,62.29785210982248,3.130187,"{6, 7}"
189.13120624096558,62.29785836596373,2.099679,"{6, 7}"
189.11497972759494,62.29865548773422,0.988556,"{6, 7}"
189.1361020307778,62.29869310601869,1.840337,"{6, 7}"
189.1672495647825,62.29919810050588,2.106075,"{6, 7}"
189.17141730737572,62.30013589566136,2.335212,"{6, 7}"
189.14957887438692,62.282954240590726,2.483883,{7}
189.12481360944662,62.301284035286976,3.174187,"{6, 7}"
189.10874409543823,62.30202514257247,4.527446,"{9, 6, 7}"
189.19830691225079,62.302363294270414,3.212849,"{6, 7}"
189.17743994614585,62.303314732860755,2.040192,"{6, 7}"
189.08486577933002,62.30291577205126,1.320921,"{6, 7}"
189.09505690855855,62.30298910980367,1.414,"{2, 4}"
189.116876556434,62.30389074594852,1.680128,"{6, 7}"
189.09794064042663,62.3043400195828,0.789423,{4}
189.10176215504214,62.30466179271271,2.125662,"{6, 7}"
189.11665826318665,62.28533974255516,0.5737,"{5, 6, 7}"
189.08967791310693,62.304887600906305,4.281159,"{6, 7}"
189.10349957244824,62.30539973279347,0.73683,"{6, 7}"
189.12497819925542,62.3063533948988,1.105,"{2, 4}"
189.19470602962534,62.307221885539256,2.05,"{4, 7}"
189.1276323455928,62.28773376157505,1.642122,"{6, 7}"
189.09827792394177,62.308361291309716,2.903091,"{6, 7}"
189.10263552099852,62.30876103500967,2.593414,"{6, 7}"
189.0884079941873,62.30881897135338,2.008813,"{6, 7}"
189.16398748435537,62.30975008543086,3.217983,"{6, 7}"
189.09956612520438,62.31178345695848,1.405899,{6}
189.14945065784917,62.290983183010255,1.745184,{7}
189.09843855345645,62.31355866054495,1.746438,"{6, 7}"
189.10051796659317,62.31416256843014,1.722341,"{6, 7}"
189.1212463,62.3149847,1.784118,"{6, 7}"
189.1067828955167,62.314964216505956,1.129651,"{6, 7}"
189.1077914471891,62.316389254542045,0.99905,{6}
189.09479238321157,62.317509188083385,1.784978,"{6, 7}"
189.10356471735884,62.318738703168314,2.040433,"{6, 7}"
189.10657205794033,62.32200574482619,2.317663,"{6, 7}"
189.30463963434855,62.14252236496614,2.982507,"{3, 4, 6}"
189.31071521403345,62.14370980539684,4.538394,"{6, 7}"
189.230856455075,62.14429878159142,2.085504,"{6, 7}"
189.2715529063514,62.144339590543986,4.428376,"{4, 6, 7}"
189.23951861057023,62.1444182563436,6.499864,"{6, 7}"
189.21315525926244,62.1445788242838,2.03617,"{2, 5}"
189.30031741367938,62.14470298100217,2.712894,"{4, 6, 7}"
189.27482160954887,62.144755322153195,3.933015,"{4, 6, 7}"
189.31274817114203,62.14515771058064,1.60275,"{2, 4}"
189.2333975094817,62.14546434243611,2.17301,"{2, 5, 9, 10}"
189.22720248147857,62.14567003062258,0.798528,"{6, 7}"
189.28581361039062,62.14583998434003,6.061953,"{6, 7}"
189.28907382204218,62.145947808455986,0.90177,"{6, 7}"
189.2259261488129,62.14637127493783,0.78298,"{2, 4}"
189.21219736072584,62.14707227230841,3.418832,"{4, 6, 7}"
189.2345573844948,62.147491696903735,7.228193,"{2, 6}"
189.27067632123956,62.14841846860489,5.872723,"{4, 6, 7}"
189.22711664616966,62.14851365035477,4.136548,"{6, 7}"
189.21280619442462,62.148636521306294,5.03902,"{6, 7}"
189.17919787054444,62.27663959727719,3.364471,"{6, 7}"
189.12302346115425,62.27359922469244,5.317101,"{9, 2, 5, 7}"
189.1751400311718,62.282263364871895,6.731529,"{6, 7}"
189.17686009075737,62.264542712858905,6.713335,"{6, 7}"
189.1792746635849,62.27589552759374,6.708933,"{6, 7}"
189.18617000457152,62.27086361455187,6.721544,"{6, 7}"
189.06920083370068,62.279237436700846,3.760311,{6}
189.09029232142439,62.28279928563003,4.08387,{6}
189.02753159906544,62.25374111337851,5.015611,"{6, 7}"
189.10967613453985,62.295060004644334,5.47899,"{6, 7}"
189.09145062295752,62.228103475281074,6.673315,"{6, 7}"
189.14568238731377,62.26425884794046,5.269098,"{6, 7}"
189.13562510818446,62.26387751139445,6.80193,"{6, 7}"
189.12108645620418,62.27780772276914,7.44091,{4}
189.30693307903354,62.15062198708077,3.13085,"{2, 5}"
189.07810812521814,62.262859404194366,4.025428,"{5, 6, 7}"
189.16692095716937,62.30251368586818,1.007113,"{6, 7}"
189.15506595373654,62.25900074325667,4.412777,"{6, 7}"
189.30921186380112,62.15142074554166,0.44607,"{2, 5}"
189.2068616883809,62.15137749994419,0.79032,"{2, 5}"
189.28484561589755,62.15199749076646,3.93756,"{4, 6, 7}"
189.27679344431587,62.15210017036903,4.524462,"{4, 6, 7}"
189.3081747114649,62.15216622379501,3.525628,"{6, 7}"
189.29395221785109,62.15309114027339,4.849099,"{6, 7}"
189.2782147265101,62.153123598155055,1.3226,"{2, 4}"
189.218171174207,62.15332845002671,2.991996,"{4, 6, 7}"
189.27208833832702,62.15363266864535,4.409614,"{6, 7}"
189.30305372783704,62.15374161390245,7.267835,"{4, 6, 7}"
189.26882687693666,62.15455760445574,3.0706,{7}
189.27547395166195,62.15468763796228,3.678834,"{6, 7}"
189.26351579368847,62.15479059557762,6.698129,"{6, 7}"
189.18692501618548,62.30697470875274,3.743264,"{6, 7}"
189.13870927909136,62.28393135137074,2.850793,"{6, 7}"
189.09508263190844,62.28457853610671,3.654705,"{6, 7, 9, 10}"
189.27830541058376,62.15611733723051,1.344959,{7}
189.17292196871398,62.29653428602333,5.44825,"{2, 5}"
189.04290591998014,62.251620535265864,6.934,"{2, 5}"
189.23704582653286,62.15638219741202,3.939404,"{6, 7}"
189.30197367897145,62.157058532470884,3.10872,"{6, 7}"
189.2689739485625,62.157289172367484,2.20895,"{2, 5}"
189.2511363977863,62.157226981583904,5.035797,"{2, 7}"
189.2699198613431,62.1573746487283,3.653012,"{6, 7}"
189.28915498737652,62.15834530783545,2.24197,"{2, 6}"
189.31143820573286,62.15874288671042,5.09519,{6}
189.29939108118273,62.15893774351929,2.19278,"{2, 5}"
189.29329909217,62.159452405256786,1.00244,"{6, 7}"
189.2588650493472,62.15966171606327,2.990214,{7}
189.2673495107146,62.16210513988645,4.715285,"{6, 7}"
189.28185764543022,62.16226002951149,4.55571,"{4, 5, 6, 7}"
189.2106274523228,62.163296948711135,6.54097,"{6, 7}"
189.2568153899246,62.163455996601094,2.023525,{7}
189.20953524327444,62.16395193247277,3.468956,"{5, 6, 7}"
189.20500624051795,62.16473154119706,2.178,"{2, 6}"
189.25903294775856,62.16563205663017,2.977794,{7}
189.2570688815497,62.16735109088329,5.860153,"{6, 7}"
189.27269925214208,62.16740926923668,6.687533,"{6, 7}"
189.24451049768393,62.168542175830225,1.12628,"{2, 6}"
189.2711374605383,62.16878180075229,1.59887,"{6, 7}"
189.24725461713788,62.168972665249086,5.032604,"{6, 7}"
189.24834606205582,62.170161736625865,3.663129,{7}
189.21139986453835,62.17030361479848,8.365653,{7}
189.20715546708593,62.17039430209749,8.367743,{7}
189.19429272220287,62.1706946884832,5.27772,"{2, 4}"
189.19557945409707,62.17151246292257,2.76969,"{2, 6}"
189.27280526442172,62.17157623518613,3.481937,"{6, 7}"
188.9926194,62.2572598,2.228924,"{6, 7}"
189.18263732792423,62.17184550611708,1.462105,{7}
189.2714353454296,62.171955174233226,1.675324,{7}
189.2560961262193,62.17217221145551,0.75123,{7}
189.21135044658172,62.17251141988148,2.983296,{6}
189.27364257335987,62.17253483501943,2.595048,{7}
189.0160697,62.2551764,1.445579,"{6, 7}"
189.016842,62.2487748,4.154544,"{6, 7}"
189.0192183,62.251101,2.393627,{6}
189.0193019,62.2515078,2.580696,"{6, 7}"
189.20722390779983,62.17340045778666,3.723055,"{6, 7}"
189.18314294470042,62.17449081942231,0.76319,{7}
189.2240498301225,62.17461924734676,0.363,{2}
189.199065940172,62.174928785670815,2.30357,"{6, 7}"
189.0631389,62.2791378,3.964083,"{6, 7}"
189.2049165556346,62.17589298922348,2.98136,"{6, 7}"
189.21675056740995,62.17627885435191,2.973936,{6}
189.2111452652086,62.176619023833325,4.194643,{6}
189.19797812036626,62.17701667619287,7.137938,"{4, 6, 7}"
189.1095826,62.2785579,0.912034,{4}
189.22133010412898,62.17734916621201,2.302949,"{6, 7}"
189.24180657216812,62.17764219899708,7.2592,"{2, 5}"
189.2226659904823,62.17797419937886,4.219757,"{6, 7}"
189.2209552249875,62.1780656355787,3.654791,{7}
189.20825143748235,62.178094738815005,5.778538,"{6, 7}"
189.18836718536966,62.17836949045331,1.581828,"{5, 6, 7}"
189.30233736508646,62.17864640633832,6.038421,"{2, 5}"
189.1548052,62.2467584,4.335986,"{6, 7}"
189.1554602,62.2686119,0.83155,"{2, 4}"
189.19368958554875,62.17915317895877,3.200239,{7}
189.27948910345935,62.17973779015765,6.829889,"{4, 6, 7}"
189.18406685720404,62.18011952506235,3.240082,{7}
189.27600383927899,62.1804054928936,1.705815,"{6, 7}"
189.3061425869317,62.180581835460345,1.35987,"{2, 5}"
189.2101132581541,62.18091718658886,2.423773,"{6, 7}"
189.31400246196142,62.18181486889836,2.039548,"{6, 7}"
189.31139289599307,62.181912109447,4.41743,"{6, 7}"
189.2252564,62.2794747,3.234055,"{6, 7}"
189.21905753941658,62.18259392835841,2.197224,"{6, 7}"
189.2364322012008,62.18258206490345,5.212098,"{6, 7}"
189.21753088814603,62.18275424372939,7.131194,"{4, 6}"
189.29044252321947,62.18288233766609,3.663357,"{6, 7}"
189.2202418274359,62.183416233442344,2.255331,"{6, 7}"
189.27838656517386,62.18334381216309,0.79909,"{2, 5}"
189.29042771282903,62.18373090973647,4.42962,"{6, 7}"
189.2881530842954,62.183780446061114,6.034351,"{6, 7}"
189.2755461631716,62.1843159513566,1.52043,"{2, 5}"
189.27440711335464,62.184595370361365,1.94293,"{2, 4}"
189.22888680031022,62.18544003080009,3.854879,"{6, 7}"
189.20158341765682,62.185441043378006,7.41546,"{2, 4, 5}"
189.27825833547314,62.18623807481201,3.431008,"{6, 7}"
189.2355383843711,62.18638999950776,1.45677,"{2, 4}"
189.21085176413678,62.186611007336026,5.419479,{6}
189.2677869552851,62.18756998250405,2.24813,"{2, 4}"
189.24281719322087,62.188167614351755,3.730557,"{6, 7}"
189.3133065715288,62.188850195553556,4.859449,"{6, 7}"
189.30433219644655,62.18894883565289,3.66436,"{2, 4}"
189.23296861874906,62.189103903525215,8.632513,"{4, 6, 7}"
189.3079901185577,62.19023123101263,2.931535,"{6, 7}"
189.2429800792502,62.19074277115021,4.624234,"{6, 7}"
189.28969767152716,62.191635446348926,1.61827,"{2, 4}"
189.28601350216346,62.19204378139595,4.017966,"{6, 7}"
189.22595094472592,62.19277542877001,2.34102,"{2, 4}"
189.29505639625035,62.193572244151454,3.427647,"{6, 7}"
189.27767673204215,62.19416158898166,3.142521,"{4, 6, 7}"
189.2697780530334,62.194208144088975,4.444251,"{4, 6, 7}"
189.29757947798402,62.19452836578226,2.274077,"{6, 7}"
189.27735286725903,62.19460865705834,5.86922,"{6, 7}"
189.2972856587397,62.19479319083048,2.282322,"{6, 7}"
189.27183981495497,62.19517848504753,8.655932,"{4, 6, 7}"
189.23716218782076,62.19555086315354,2.333409,"{6, 7}"
189.27600756070174,62.19578154398156,5.869013,"{2, 4}"
189.27966099599124,62.19588781926669,1.7444,{7}
189.2310901788376,62.19601268950005,2.330489,"{6, 7}"
189.22123775405686,62.19704678634447,5.774714,"{6, 7}"
189.23178303507672,62.197303790111135,4.446331,{6}
189.30683978554688,62.19721872632457,1.24779,"{2, 5}"
189.29269422372712,62.19734571746461,1.77919,"{4, 7}"
189.31119345853404,62.19741418338665,2.595761,{7}
189.2884611549907,62.19815943397151,2.971938,"{6, 7}"
189.21434729968624,62.198273303905985,2.0661,"{6, 7}"
189.20844417836864,62.19864069819659,2.954081,"{2, 7}"
189.24168614339584,62.19922620361526,1.346562,"{6, 7}"
189.21015757300103,62.1993962507471,1.34757,"{6, 7}"
189.293744247697,62.19942516357453,3.696551,"{6, 7}"
189.2176869487307,62.199491958871064,9.745889,"{6, 7}"
189.23291808582934,62.199555212006686,2.008334,{6}
189.19786959317335,62.19960419104729,3.774102,"{6, 7}"
189.2420751818724,62.200024523679254,2.34276,"{5, 7}"
189.2212694316401,62.200199814786345,2.083538,"{6, 7}"
189.23848216519252,62.200219640839855,5.180218,"{6, 7}"
189.31186292554386,62.20056575939251,5.231263,"{6, 7}"
189.2034444836324,62.20091166413038,1.77794,"{2, 7}"
189.3147108660292,62.202385647863586,3.426458,"{6, 7}"
189.21001312691106,62.20270082448215,3.178931,{7}
189.20353319162822,62.203334777876485,7.19012,"{2, 4}"
189.23509901505648,62.203762706219244,4.211838,"{6, 7}"
189.2288420400501,62.203998723392345,6.544838,"{8, 10, 3, 7}"
189.27307170753838,62.204421624637305,4.416289,"{6, 7}"
189.2183999958938,62.20469549824179,2.574523,{7}
189.20614144248262,62.206250222433745,2.219715,"{4, 5, 6, 7}"
189.31937483261444,62.20674630552308,2.04384,"{5, 6, 7}"
189.28642116251103,62.20701727996561,5.963918,"{9, 6, 7}"
189.19901465874847,62.20702454663444,4.950616,"{6, 7}"
189.221830211203,62.20735742924894,6.545391,"{6, 7}"
189.30150176972822,62.20760770524368,2.314581,"{4, 5, 6, 7}"
189.28144224199454,62.20763300813912,1.89269,"{2, 4}"
189.30646706348674,62.20775528790954,5.223681,"{6, 7}"
189.28582194514945,62.20793211502434,0.644554,{7}
189.31348900652273,62.208182021914936,2.591558,{7}
189.3061692765683,62.20920468218798,5.224388,"{6, 7}"
189.15385164682448,62.20963738968469,1.69522,"{2, 4}"
189.2065170579258,62.21000760334682,2.020671,"{4, 5, 6, 7}"
189.15632178349725,62.21000215898184,5.182159,"{6, 7}"
189.21822175647657,62.210137212148986,2.407368,{7}
189.30206064473546,62.21026596262045,1.1,"{2, 4}"
189.2397959655134,62.21082960409861,9.633349,"{4, 5}"
189.28646863213854,62.21087268521868,6.29303,"{2, 4, 5}"
189.28069527525673,62.21082721664087,6.544665,"{6, 7}"
189.24171075214426,62.21099066456801,5.379499,"{6, 7}"
189.30018050136218,62.21121406438937,3.922671,"{5, 7}"
189.1628538944893,62.21190544375392,3.662592,"{6, 7}"
189.275236697665,62.212440937670344,7.430084,"{6, 7}"
189.2215107609337,62.21253481495623,2.686413,{7}
189.2014714184845,62.212757141784074,4.614479,"{6, 7}"
189.22780068158954,62.213219404814794,0.89414,"{2, 4}"
189.2176824942948,62.213724073525434,0.906917,{7}
189.20520733895856,62.21375492219828,2.202889,{7}
189.2336085197183,62.21395188073819,2.4577,{4}
189.21194065256836,62.21610622350774,0.99938,"{2, 5, 6}"
189.22120778045925,62.21652383697219,5.181203,"{6, 7}"
189.25032109052998,62.216599671882044,3.687291,"{6, 7}"
189.16801573338063,62.21701309223349,5.872423,"{6, 7}"
189.220892467644,62.21704273309032,4.352435,"{8, 2, 5}"
189.20693516404364,62.217413500389114,1.703886,"{4, 5, 6, 7}"
189.24897722273775,62.218350165921265,5.167278,"{6, 7}"
189.1652388991188,62.21837300644856,2.99088,{4}
189.250736927531,62.21889134965563,4.214288,"{6, 7}"
189.23544903462533,62.22042985596663,5.178756,"{6, 7}"
189.2301458016039,62.220804344354725,5.395893,"{6, 7}"
189.22684810213482,62.22164481592575,3.03463,{7}
189.22485806649723,62.222524719579965,2.031884,{7}
189.01189,62.290219,0.363405,"{2, 6}"
189.01588,62.290734,0.766424,"{4, 5, 6, 7, 9, 10}"
189.01633,62.289091,1.353332,"{2, 4, 5}"
189.01667,62.288629,0.84785,"{2, 7}"
189.01808,62.289782,0.527805,"{6, 7, 9}"
189.01808,62.286169,0.6097,"{2, 5, 7}"
189.01864,62.293321,2.219558,"{6, 7}"
189.0217729,62.2965892,1.39199,"{4, 5, 7}"
189.02376,62.298819,2.268625,"{4, 5, 7}"
189.0238,62.298163,0.437397,"{4, 5, 7}"
189.02485,62.289728,0.388854,"{4, 5, 6, 7}"
189.02677,62.289835,1.365033,"{6, 7}"
189.02941,62.276769,0.342924,"{5, 7}"
189.03027,62.300368,1.366026,"{3, 6, 7}"
189.03183,62.29057,2.051504,"{6, 7}"
189.03573,62.290505,0.672185,{6}
189.03709,62.279768,2.273343,"{6, 7}"
189.03731,62.29827,0.583597,"{6, 7}"
189.03784,62.279502,1.3288,"{6, 7}"
189.03815,62.300018,0.422756,"{6, 7}"
189.03842,62.27466,1.63048,{4}
189.03854,62.302469,0.678376,"{6, 7}"
189.03957,62.287806,2.38102,"{6, 7, 9, 10}"
189.03988,62.307322,0.87552,"{6, 7}"
189.04048,62.281142,1.804854,"{6, 7}"
189.04114,62.286567,0.798593,"{2, 6, 7}"
189.04186,62.302723,2.450062,"{6, 7}"
189.04227,62.29676,1.484277,"{6, 7}"
189.04307,62.279347,1.677411,"{6, 7}"
189.0444,62.301395,2.810863,"{6, 7}"
189.04612,62.280909,1.692222,"{6, 7}"
189.04673,62.279597,3.859809,"{6, 7}"
189.04684,62.280822,1.804459,"{6, 7}"
189.04747,62.285637,1.933459,"{5, 7}"
189.04784,62.296502,0.573349,"{2, 5}"
189.04969,62.2987,0.679,"{2, 6}"
189.05371,62.282446,0.345885,"{2, 7}"
189.05404,62.283057,0.682714,"{2, 7}"
189.057,62.281125,0.465583,"{2, 7}"
189.05866,62.28155,1.144838,"{6, 7}"
189.24855494108886,62.232913173428955,2.922625,{7}
189.25575573296283,62.2334634563305,0.690872,{6}
189.23610516401158,62.23344338237552,0.839,{7}
189.226124046925,62.234986370397465,2.412587,{7}
189.25929368242478,62.23546084528019,7.141298,"{6, 7}"
189.25889023689777,62.23744604161774,7.13798,{6}
189.24982267791444,62.2412207190672,7.145964,{6}
189.26442114184687,62.24660828346517,0.259039,"{5, 6, 7}"
189.28251757896606,62.140595195784265,7.7979,"{2, 4}"
189.23575622287234,62.14118780865289,6.732293,"{6, 7}"
189.27960896858838,62.141900809901436,2.028521,"{4, 6, 7}"
189.2911108877403,62.142670246343684,0.900859,"{4, 6, 7}"
189.29373820436706,62.14426343316879,2.179903,"{4, 6}"
189.28107900269012,62.14273465957795,1.674825,"{6, 7}"
189.22461219119157,62.14352073873468,2.060796,"{6, 7}"
189.31297206010726,62.144564141280526,2.817566,"{6, 7}"
189.23440730309952,62.144955230613014,2.519875,{4}
189.27364966028932,62.14574731350845,1.412606,{4}
189.22913706485062,62.14618980665186,5.038482,"{4, 6, 7}"
189.21924739186505,62.14625602057628,5.272081,"{6, 7}"
189.28692369274353,62.1464063164265,1.08589,"{2, 4}"
189.21073390402026,62.147085157134924,5.03954,"{4, 6}"
189.26751097085577,62.149708032874464,1.999332,"{9, 6, 7}"
189.31030020743276,62.15021329516006,3.98559,"{6, 7}"
189.05893,62.28556,1.802013,"{6, 7}"
189.23813460423858,62.150963108647424,3.990793,"{6, 7}"
189.23845387085498,62.1511862099402,1.377048,"{6, 7}"
189.20988300415306,62.151608151883075,3.972789,"{3, 6, 7}"
189.28368154619548,62.152619708459135,2.713726,"{4, 6, 7}"
189.29777486444803,62.15283556519032,2.991463,"{4, 6, 7}"
189.27729346680664,62.153003386033454,4.411857,{7}
189.2778841366073,62.153349798767636,1.605744,"{6, 7}"
189.2153021304957,62.15335647430786,1.474422,"{4, 6}"
189.29571150402816,62.15520087188174,2.984292,"{4, 6, 7}"
189.24737084480867,62.15869745513688,2.998375,"{6, 7}"
189.00801,62.27413,1.37125,"{6, 7, 9}"
189.27434705095843,62.15685339460909,1.644568,{7}
189.28171452460504,62.157226518736834,2.271759,"{6, 7}"
189.03082,62.29395,2.982325,"{6, 7}"
189.03151,62.29047,2.058359,"{5, 6, 7}"
189.313125674348,62.15909217757382,3.004549,"{4, 6, 7}"
189.04704,62.28664,1.459,"{2, 4, 5}"
189.05597,62.28738,1.776488,"{2, 3, 4, 5, 6, 7, 9}"
189.06609,62.28128,1.449533,"{2, 4, 5}"
189.28340881690477,62.15885583896276,2.080129,"{2, 4}"
189.26223766068426,62.15916934267261,1.441497,{7}
189.31033649885111,62.15964787681591,2.998466,"{4, 6, 7}"
189.2509623613701,62.160381532822065,5.038028,"{6, 7}"
189.27572133569063,62.161689005143515,5.037981,"{6, 7}"
189.2494299293447,62.164490609079316,2.029638,{6}
189.28955413176368,62.165459137148765,4.630999,"{3, 5, 6, 7}"
189.28108971774157,62.165824659533335,2.464173,"{4, 5, 6, 7}"
189.27551537141665,62.16667188696512,3.414266,"{6, 7}"
189.25377946456737,62.16701122040707,2.458162,"{6, 7}"
189.197193552079,62.16706228290997,6.540903,{7}
189.26571836457276,62.16839331645808,4.135302,"{3, 7}"
189.29037310629874,62.168793130167735,2.996,{6}
189.25096347173164,62.1689941992959,3.9348,"{6, 7}"
189.21688735101773,62.16932696327893,2.298363,{7}
189.20084401235144,62.169773350901195,2.762859,"{6, 7}"
189.2658848439664,62.16971271916997,4.129196,"{6, 7}"
189.28608530060282,62.169879190690175,11.167,"{2, 4, 6}"
189.24414242153242,62.16993456004292,4.705631,"{6, 7}"
189.26304806499655,62.170384740403314,2.75531,"{4, 7}"
189.29056719637512,62.17121104300687,3.391281,{7}
189.2050167328146,62.17208648443175,0.961879,{7}
189.1996971610406,62.172290411440834,1.733608,{7}
189.27869654625172,62.17290800435185,3.65688,{7}
189.18909847952307,62.17421483711497,0.884753,{7}
189.2013634816586,62.17618510208496,1.917361,{6}
189.22213448891617,62.17662417073006,1.978397,"{6, 7}"
189.30765103491092,62.17745984915343,3.362815,{6}
189.23014077253188,62.17683048545504,4.247646,"{6, 7}"
189.2128094554202,62.17706580741802,2.973367,"{10, 6, 7}"
189.2127445658417,62.17728890798617,1.645805,"{6, 7}"
189.2064091526391,62.1771420391114,5.783446,"{6, 7}"
189.19739593879788,62.17723312736484,4.129937,"{6, 7}"
189.2197253927839,62.17745033290424,1.495946,"{4, 6, 7}"
189.28339063435592,62.17752912340789,2.934836,"{6, 7}"
189.19036418224516,62.17794239196137,3.232538,{7}
189.21476887237674,62.17823496949269,2.976968,"{3, 4, 6, 7}"
189.30893473636803,62.17899505904411,0.81742,"{4, 6, 7}"
189.23638059544234,62.17865215345416,0.943534,"{6, 7}"
189.26918258090538,62.1786117044901,1.541189,{6}
189.28526301523308,62.17903405981586,2.461275,"{6, 7}"
189.20451737228473,62.17913912034558,4.674199,"{6, 7}"
189.1854988611722,62.179808194320955,6.764337,"{6, 7}"
189.2940857695172,62.1805405562213,2.291379,"{6, 7}"
189.3002437862884,62.180791254028904,1.569864,"{4, 6, 7}"
189.18051174278185,62.18046542112819,8.60253,"{4, 7}"
189.19994432350796,62.18121733090918,2.941434,"{6, 7}"
189.19468185059083,62.181720457854354,5.183932,"{6, 7}"
189.29563672997253,62.1818852869047,3.358386,"{6, 7}"
189.23333916839826,62.1820949227498,1.55703,{4}
189.31500879599233,62.18264651785033,1.024339,"{6, 7}"
189.21884500911065,62.183198797034684,4.22003,"{6, 7}"
189.22861311924348,62.183654548106176,0.956471,"{6, 7}"
189.19959215217187,62.18497321767923,2.345324,"{6, 7}"
189.20183486667133,62.18575484405735,3.92665,"{6, 7}"
189.19656217466076,62.186048284769015,2.60851,{4}
189.22740952512424,62.18650659670229,2.29785,"{4, 6, 7}"
189.23797853889903,62.18630332039843,3.153916,"{6, 7}"
189.2824630838061,62.1893039960478,1.595182,{4}
189.26683894488494,62.189889794448035,2.041493,"{4, 6, 7}"
189.27310950217233,62.19008850309343,4.152508,"{4, 6, 7}"
189.28143553119776,62.19031530144504,3.668635,"{4, 5, 6, 7}"
189.19845804230917,62.19065901058084,2.081039,"{6, 7}"
189.22145674486958,62.19240220613234,3.251244,"{4, 6, 7}"
189.29982772632823,62.19197201389159,1.788128,"{6, 7}"
189.2776131310575,62.19219760362192,3.23311,"{3, 6, 7}"
189.2786201488825,62.192441185161485,4.428352,"{6, 7}"
189.28550161225357,62.19273186524141,2.507535,"{4, 6, 7}"
189.20578435543945,62.192809837025194,2.603095,"{6, 7}"
189.29870870455102,62.19324839294793,3.73386,"{6, 7}"
189.28018270535753,62.193130365060455,0.9368,"{6, 7}"
189.28129382428895,62.19330041409404,2.807461,"{6, 7}"
189.28245480227295,62.193840905038165,0.549971,{7}
189.22624870560682,62.19426499743148,0.778863,"{6, 7}"
189.3106122675535,62.19443129466115,4.413834,"{6, 7}"
189.26104247439125,62.19482094723388,2.852868,"{6, 7}"
189.30217248508876,62.19478038204306,3.188153,{7}
189.2288977856098,62.19547699638943,2.976897,"{4, 5, 6, 7}"
189.19531469740303,62.19579937091339,1.051445,"{4, 5}"
189.1944023737518,62.19617541326057,3.726779,"{6, 7}"
189.27748708687307,62.19583850149064,1.78608,"{6, 7}"
189.29614691634185,62.19614905938867,2.410782,"{6, 7}"
189.3149527284208,62.19629742982105,2.934634,"{6, 7}"
189.21464426255625,62.196924096059206,3.446728,"{6, 7}"
189.26488169220622,62.19783256185314,1.659489,{7}
189.22748057768126,62.19743872722234,3.14607,"{5, 6, 7}"
189.30037818537394,62.19792944430783,0.956863,"{6, 7}"
189.23033853038243,62.19808447870117,4.46017,"{2, 4, 5}"
189.22714459635608,62.19837371156736,1.791502,{7}
189.30310947025725,62.19842618025661,2.630808,"{6, 7}"
189.2932284000273,62.19900294504311,5.228928,"{6, 7}"
189.31011057234738,62.198515164873086,2.062282,"{4, 6, 7}"
189.22413263154252,62.198629997511105,2.417268,{7}
189.30848363170284,62.19910258711254,2.603255,{7}
189.27592199627156,62.19919983093855,3.672813,"{6, 7}"
189.2333815469682,62.19926118558555,3.234854,"{6, 7}"
189.20377062334032,62.19963856383244,2.38276,{4}
189.24058866658922,62.19954937881643,2.73562,"{2, 4}"
189.22025679980803,62.19967895219374,5.18598,"{6, 7}"
189.21708138344107,62.20034127299411,1.795301,{7}
189.20735092748146,62.200468858801955,3.214395,"{6, 7}"
189.20609331630772,62.20050402276852,2.431625,"{6, 7}"
189.20330259796344,62.2005805064482,0.9885,"{2, 4}"
189.27924055507518,62.206851938852914,2.919125,"{6, 7}"
189.2911093697827,62.210600393989,0.954373,"{9, 2, 4}"
189.20996511360417,62.20140379314698,2.848734,{7}
189.23197125786777,62.20233041140709,6.545853,"{6, 7}"
189.21618421155932,62.20223630109797,1.806987,{7}
189.1976326243129,62.203041304136725,1.565782,{7}
189.1993776734077,62.2036028114666,1.83601,"{2, 5}"
189.20294216154755,62.204653911699545,5.186089,"{6, 7}"
189.27469701931585,62.204544786674596,3.671994,"{6, 7}"
189.22582389614723,62.204214693412936,6.550387,"{6, 7}"
189.19722482248952,62.204410778451276,2.802099,{7}
189.2247579438089,62.205260024670096,1.5298,{4}
189.28169795789046,62.20555024959594,2.82507,"{2, 4}"
189.30683809212172,62.20610261259651,2.275562,{7}
189.3195798810313,62.2064839134615,1.45799,"{2, 5}"
189.21867905329393,62.20685386740237,2.062411,"{6, 7}"
189.2160836828562,62.20711018572861,2.01818,{7}
189.22462296563174,62.206811771579005,1.80057,"{6, 7}"
189.23749002546526,62.20694549574707,2.14312,"{2, 4}"
189.2096822503862,62.207252037072735,5.179485,"{6, 7}"
189.20789795705522,62.20750141620577,2.01107,{7}
189.3106473119761,62.20704794075293,2.471365,{7}
189.1954655839267,62.20722437401489,2.962148,"{8, 11, 7}"
189.21495280563136,62.20797855767568,3.212581,{7}
189.14928355934762,62.208303143506186,3.965488,"{6, 7}"
189.27276620140813,62.21085059859511,3.41476,{4}
189.239114535957,62.21093755816469,9.74351,{4}
189.1484725201685,62.21165962686518,5.486216,"{6, 7}"
189.2916425,62.2118435,1.222533,"{4, 6, 7}"
189.2964163705811,62.211836212326915,3.425314,{7}
189.19732884144042,62.21201532510898,4.350489,"{6, 7}"
189.24328134746654,62.212238560822264,1.251548,{6}
189.1942181047572,62.212505543616544,4.614982,"{6, 7}"
189.2020154794345,62.21292183046616,2.023884,{7}
189.19472097400137,62.2461233679701,2.005129,"{6, 7}"
189.1553321551909,62.21577162177739,2.850642,{7}
189.27544872581637,62.21413534445617,4.40382,"{4, 5, 6, 7}"
189.21766458056058,62.2144971260055,2.422824,"{6, 7}"
189.16892564135557,62.214897459890544,1.477527,{7}
189.20628969144744,62.215329838501034,5.182127,{6}
189.23669481769522,62.218056084377544,1.27362,{4}
189.16192286203085,62.21591370045181,1.158847,"{4, 5, 6, 7}"
189.24135324581792,62.21625070185368,2.435849,"{6, 7}"
189.21988721299863,62.216395366588955,3.868008,"{6, 7}"
189.23432517868594,62.21668394688576,3.293483,{7}
189.2061376772858,62.221318664128894,1.233081,"{6, 7}"
189.20603051902938,62.22180918840521,1.26273,"{2, 4}"
189.23922477278447,62.21979997818171,5.389984,"{6, 7}"
189.2279743843627,62.22076899841926,2.045026,"{6, 7}"
189.07921438204755,62.24215542969198,2.303023,"{6, 7}"
189.2175484609839,62.223768761400926,2.997226,{7}
189.21334746565205,62.22475430792303,1.992069,{6}
189.2528848003984,62.2315972900884,2.397528,"{3, 6}"
189.23160298611933,62.23332042854528,0.560391,{7}
189.23919969791282,62.23409012187517,1.241745,{7}
189.2378761240454,62.23408219810967,5.79759,"{6, 7}"
189.2330269976408,62.236777138783275,3.908048,"{6, 7}"
189.254605,62.236679,5.084486,"{6, 7}"
189.25472523606166,62.236760026657215,1.574514,{7}
189.242574755267,62.23852660400713,5.11384,"{6, 7}"
189.18588698408834,62.245095791935064,2.98089,"{6, 7}"
189.2674103579094,62.24780388193027,2.211706,{6}
189.18658160712423,62.270907698694735,6.727165,"{6, 7}"
189.18710259520998,62.281487836733206,3.338396,{7}
189.21867579625723,62.27691115086168,0.51419,"{2, 7}"
189.26356348979405,62.24915012215565,5.148892,"{3, 4, 6}"
189.2629857230844,62.25010622995946,4.406786,"{6, 7}"
189.27059399714904,62.25156683689371,4.402696,"{6, 7}"
189.1992869184996,62.279460556619405,4.069103,"{8, 11, 7}"
189.14837041548506,62.25364501022181,5.303099,"{6, 7}"
189.19212440586114,62.1506246134611,3.065085,"{6, 7}"
189.18773929147272,62.2750159895747,2.979059,"{5, 6, 7}"
189.18935819382747,62.2805922907836,3.235163,{7}
189.1883912777851,62.28120139872624,3.239009,"{4, 5, 6, 7}"
189.18483337858513,62.27308403906693,4.078651,"{6, 7}"
189.30135920137002,62.140900730329065,3.351423,"{6, 7}"
189.29503956854012,62.141057157058356,0.90539,"{6, 7}"
189.21611912697034,62.141280356236905,1.82599,"{4, 7}"
189.20812135084873,62.14482113980465,2.553,{4}
189.19373152660606,62.14719625753757,2.377,{4}
189.20446320530093,62.14888967711215,2.080016,"{6, 7}"
189.19885888259952,62.14980911202601,2.64323,"{6, 7}"
189.2003487781803,62.15220118903693,0.955347,"{6, 7}"
189.18142914518006,62.169806716589605,0.961145,{7}
189.16918953823432,62.1721346894832,0.955491,{7}
189.17763443295246,62.17207613131461,1.725346,"{5, 6, 7}"
189.17153686848496,62.178886028809636,0.911,{7}
189.28394057634426,62.19696597095106,1.122,"{2, 4}"
189.2275966890794,62.19760171777597,3.14556,{7}
189.3119432664047,62.199136289219545,2.16604,"{4, 6, 7}"
189.17930358183668,62.23039328268486,2.987559,{7}
189.15706248004446,62.26697641433065,2.813881,{7}
189.15779340435833,62.26970756595032,0.920257,"{5, 7}"
189.11788937612732,62.27389948820881,0.929,"{2, 5}"
189.18150993681414,62.276049473762086,1.488201,{7}
189.2194784469628,62.277338076360564,2.372261,{7}
189.2050559984452,62.277702049551706,2.03784,"{4, 7}"
189.22903565522984,62.27789948998547,1.866401,{7}
189.20575218625316,62.27806503038364,2.21883,{7}
189.230562904127,62.278169409439606,1.48524,{7}
189.18895621101626,62.280788331481105,1.224743,{7}
189.20307329785237,62.14392846246134,7.567909,"{4, 6, 7}"
189.26354234910517,62.16843538802522,4.125498,"{6, 7}"
189.26791511302022,62.25149396748963,4.416974,{6}
189.2264083,62.15119722,1.85693,"{2, 5, 7}"
189.2016017,62.1420772,1.1,{4}
189.2135847,62.1411596,1.408013,"{4, 6}"
189.2903333,62.14469444,4.43382,"{2, 3, 5, 7, 9, 10}"
189.20904,62.20461,0.959579,"{2, 4}"
189.19960317856535,62.19282375620478,2.24597,"{6, 7, 9, 10}"
189.1379309402155,62.26726836968593,2.962043,{7}
189.2893225320991,62.206863236282906,2.63585,{7}
189.2264275,62.24287833333333,0.582308,"{5, 6, 7}"
