ra,dec,z_spec,quality
189.01949166666668,62.26171111111111,0.45814,4
189.23290416666666,62.36060277777778,0.58517,4
189.1784625,62.33377222222222,0.8547,4
189.08452499999999,62.291555555555554,0.84802,4
189.19732499999998,62.342980555555556,0.8894,4
189.292225,62.386944444444445,1.25873,3
189.13635416666668,62.31243611111111,0.48264,3
188.92945000000003,62.215525,0.85093,4
189.27437916666668,62.37520555555555,0.48699,4
189.1504833333333,62.31805833333333,0.68091,4
189.00641666666667,62.253725,0.29846,4
189.214375,62.34820277777778,0.74409,4
189.22366666666667,62.353141666666666,0.47244,4
189.1434875,62.31379444444444,0.50267,4
189.17106666666666,62.32645277777778,0.60878,4
189.03334166666667,62.264919444444445,0.45894,4
188.9988541666667,62.24628611111111,0.53056,4
189.2844,62.3811,0.20459,4
189.02512916666666,62.25884722222222,0.45424,4
189.26625833333335,62.36850555555556,1.0084,3
189.19027499999999,62.33354166666667,1.01771,3
189.13260833333334,62.30566944444444,0.94337,4
189.12510833333334,62.304899999999996,0.50325,4
189.05147916666667,62.268927777777776,0.76599,4
189.20139583333332,62.33606666666667,0.90812,4
189.28544166666669,62.375166666666665,1.25267,3
189.11169166666667,62.29578333333333,0.52939,3
189.24049166666666,62.357216666666666,0.52817,3
189.04315416666668,62.26265277777778,0.94555,3
188.97055416666666,62.22803888888889,0.94715,3
188.9840625,62.23413333333333,0.94528,3
189.12809166666668,62.30190277777778,1.02302,3
188.92340833333333,62.20589722222223,0.63882,4
188.90624166666666,62.19801944444444,0.37585,4
189.11992916666665,62.29708055555555,0.9437,3
188.98669166666667,62.23511388888889,1.0275,3
189.17199583333334,62.320008333333334,1.25991,4
189.1793708333333,62.32351111111112,0.68227,4
189.2129375,62.340925000000006,0.74473,4
189.20307916666667,62.33406666666667,1.01161,4
189.1480625,62.309461111111105,0.6806,4
188.92244166666666,62.20491388888889,0.45862,4
188.93909166666668,62.210211111111114,0.71331,4
189.07492499999998,62.276383333333335,0.68011,4
188.97043333333335,62.2247,0.4092,4
189.04525416666667,62.25886111111111,0.94472,3
188.90717083333334,62.19467777777778,0.4091,4
189.15733333333333,62.31239444444444,0.68174,4
189.13425416666666,62.29927222222222,1.01296,3
188.92108333333334,62.193463888888886,0.49673,4
189.17795416666667,62.320861111111114,0.94748,3
189.23635833333333,62.346852777777784,1.36488,3
189.18982916666667,62.327533333333335,0.27668,4
189.08486249999999,62.27526666666667,0.74633,4
189.1710833333333,62.31529166666667,0.2983,4
189.08850416666667,62.27778611111111,0.45874,4
189.07863333333333,62.2726,0.50232,4
189.21849166666667,62.33683055555556,1.263,3
189.18906249999998,62.32351944444445,1.14397,4
189.1990875,62.32872777777778,0.50719,4
188.95374583333333,62.21220277777778,0.41016,3
188.92330416666667,62.19758333333333,1.10725,4
189.00071250000002,62.2358,0.11367,4
189.09038750000002,62.27654444444445,0.52924,4
189.25302083333335,62.35073611111111,1.03914,4
188.98288333333335,62.22578333333333,1.29588,4
189.27458750000002,62.36405555555556,0.3308,4
189.0863,62.27279722222222,0.68007,4
189.29282916666668,62.36889166666667,0.50204,4
189.2922125,62.368319444444445,1.36442,3
189.25475833333334,62.352586111111115,0.79966,4
189.090325,62.27450833333333,0.74676,4
189.2100125,62.33045277777778,1.01638,4
188.93836666666667,62.206138888888894,0.4734,4
188.988325,62.228633333333335,0.39497,4
188.97600833333337,62.22055277777778,0.67555,4
189.29510833333336,62.36977777777778,1.36444,4
188.96822916666667,62.216705555555556,1.32996,3
189.01715833333333,62.24020277777778,0.74789,4
189.076875,62.267091666666666,0.79803,4
189.00752083333333,62.234775,0.43592,4
189.02471666666668,62.24328055555556,0.40836,4
189.25260833333334,62.34845555555556,0.7939,4
189.261,62.352561111111115,0.79528,4
189.2761541666667,62.360058333333335,0.90317,4
189.21066666666667,62.32946666666667,1.01587,4
189.19185000000002,62.31948333333334,0.29953,4
189.2813125,62.36321388888889,1.44979,4
189.21725833333332,62.33109166666667,0.55029,4
189.08847083333333,62.27178055555555,0.68131,4
189.11095833333331,62.281213888888885,0.59459,4
189.07261666666665,62.26423888888889,0.37584,4
188.99710000000002,62.22790555555556,0.41141,4
189.26667083333334,62.353522222222225,0.48545,4
189.2928,62.365233333333336,0.77624,4
189.08251249999998,62.26703611111111,1.35672,3
189.0318208333333,62.244847222222226,1.47844,4
189.3064125,62.37110555555556,0.97462,4
189.25185833333333,62.34444444444445,0.80103,4
189.24882083333333,62.343694444444445,0.45616,4
189.18915416666667,62.316902777777784,0.45454,4
189.12037916666665,62.28285277777778,0.84891,4
189.1807375,62.31018333333333,0.55633,3
189.20410416666664,62.32149722222223,0.47378,4
189.17194583333333,62.30790555555555,0.84705,4
188.991575,62.22244166666667,0.39501,4
188.9537875,62.19586666666666,0.1192,4
189.27827916666666,62.35474722222222,0.40615,3
189.15878333333333,62.296527777777776,0.45471,4
189.26377916666667,62.34905555555556,0.79907,3
188.94839583333334,62.20195833333334,0.0787,4
188.95028333333335,62.203541666666666,0.50836,4
189.0251583333333,62.23576111111111,0.55602,4
189.27597083333333,62.35306666666667,1.36316,3
189.10527916666666,62.272666666666666,0.6399,4
188.93020416666667,62.19234722222222,0.5583,4
189.18320416666666,62.309172222222216,0.84126,4
189.02062916666665,62.23465,0.4364,4
189.072175,62.25821666666667,0.84975,4
189.3087875,62.36660277777778,0.59467,4
189.2815541666667,62.35324166666667,0.59477,3
189.20677916666668,62.32115,0.27553,4
189.17238749999999,62.302369444444444,0.52854,4
189.10961666666665,62.27341111111111,0.64001,4
189.3067,62.36521666666667,0.5953,4
188.98824583333334,62.21585,0.71219,4
189.27767916666667,62.352111111111114,1.36404,4
189.0571,62.24805277777778,0.68536,4
189.03805416666665,62.241144444444444,0.07454,4
188.9844625,62.21445833333333,0.71158,4
189.15695416666668,62.296188888888885,0.55558,4
189.31750833333334,62.37051944444445,0.50449,4
189.31448749999998,62.36740555555556,1.36261,4
189.19029166666667,62.30974444444444,0.58728,4
189.0889125,62.26278333333333,1.24107,3
188.94026250000002,62.194380555555554,0.47344,4
188.95270833333336,62.19826944444444,1.00073,3
189.2802,62.35107222222222,0.5943,4
188.9663166666667,62.20476388888889,1.00121,4
188.93056666666666,62.18841388888889,0.23109,3
189.13554166666665,62.28315,0.4372,4
188.99226666666667,62.215722222222226,0.51387,4
188.97305,62.20898888888889,0.84183,4
189.15957916666665,62.294558333333335,0.60417,4
189.0405583333333,62.239625000000004,0.7803,4
189.061275,62.24838611111111,1.02269,3
188.93064166666667,62.18354722222222,0.55917,4
189.29654166666668,62.357172222222225,1.30349,3
189.08499166666667,62.25839166666667,0.7471,4
189.02376666666666,62.22932777777778,0.31766,4
189.28915833333335,62.35279166666667,0.94412,4
189.205975,62.31539166666666,0.51294,4
189.05177083333334,62.24400555555555,1.43339,4
189.31296666666668,62.363936111111116,0.07544,4
189.298975,62.35661388888889,1.30652,4
189.13949166666666,62.28419722222222,0.4543,4
189.09374583333332,62.262347222222225,0.63934,4
189.306125,62.360261111111114,0.27546,4
189.23093749999998,62.324580555555556,0.51596,4
189.288175,62.35317222222223,0.47604,4
189.21810833333333,62.319388888888895,0.38741,4
189.0800708333333,62.25355277777778,0.78337,4
188.99155833333333,62.21197777777778,0.71222,4
189.20897083333332,62.313694444444444,0.38692,4
189.15844583333333,62.29138611111111,0.55531,4
189.20524583333332,62.31341388888889,0.59507,4
188.97564583333335,62.20476666666667,0.63772,4
189.26919583333333,62.340947222222226,0.79928,3
189.2328,62.32545555555556,0.52874,4
189.26498750000002,62.33945555555556,0.29804,4
189.041125,62.23496388888889,0.47281,4
188.99572083333334,62.21314166666667,1.00061,4
188.96837083333335,62.20107777777778,0.45886,4
189.12189166666664,62.27198611111111,0.84486,4
189.20770833333333,62.31106388888889,0.23047,4
189.00399583333333,62.21725,1.1407,4
189.04838333333333,62.236536111111114,0.59701,4
189.02289166666668,62.225275,0.3899,4
189.337925,62.371122222222226,1.0299,4
189.28255000000001,62.34628333333333,1.03828,3
189.07785,62.250930555555556,0.85063,4
189.08101249999999,62.25156666666667,0.78214,4
189.28955000000002,62.34829722222222,0.63353,4
188.95246666666668,62.19219722222222,0.84287,4
189.33330416666666,62.368030555555556,1.25455,4
189.08049166666666,62.250416666666666,0.34763,3
188.93715,62.18326944444444,0.84113,3
189.10637499999999,62.263525,0.63796,4
189.2950875,62.35058055555556,1.01114,3
188.98031666666668,62.20345555555556,0.33789,4
189.11547083333335,62.26723055555556,0.51808,4
189.30704583333335,62.354977777777776,1.03776,4
189.07480833333332,62.24925555555556,0.3369,4
189.21456666666666,62.313205555555555,0.14058,3
189.135975,62.274788888888885,1.48509,3
189.31002083333334,62.356425,1.02888,4
189.09552916666664,62.25738333333334,2.59196,4
189.16161666666667,62.28509722222222,0.68209,4
189.21532916666666,62.311502777777775,0.78875,4
189.2014583333333,62.304075,0.63331,4
189.35145416666668,62.365994444444446,0.281,4
189.19345416666664,62.30106111111111,0.67301,4
189.1507375,62.282358333333335,0.48793,4
189.334425,62.36663055555556,0.94524,4
189.13514166666667,62.274363888888885,0.85411,4
188.98569583333332,62.20379166666667,0.50429,4
189.08139583333332,62.24788888888889,0.63943,3
189.0582125,62.237611111111114,0.20686,4
189.10128749999998,62.257025,0.68166,4
189.07034583333333,62.24365,0.51637,4
188.99305416666667,62.207800000000006,0.88653,4
189.0779083333333,62.24621944444444,0.78137,4
189.029825,62.22459444444445,0.43623,4
189.03278333333333,62.22523888888889,0.43745,4
189.05115416666666,62.231991666666666,0.78192,4
188.9512791666667,62.186877777777774,0.50652,4
189.1738083333333,62.29143611111111,0.48617,4
188.94218750000002,62.18185555555555,0.45425,4
189.31015416666668,62.35330833333334,0.93748,3
189.18659166666666,62.29394722222222,0.45507,4
189.07120833333335,62.24131388888889,0.37586,4
189.11469166666666,62.261402777777775,0.48674,4
189.15575833333332,62.27988888888889,0.94306,4
189.26785416666667,62.325297222222225,1.05163,4
189.144,62.27406111111111,0.85095,3
189.05297916666666,62.23236111111111,0.28588,4
189.30087083333336,62.347230555555555,1.00783,3
189.09190833333332,62.24992777777778,0.8493,4
189.126575,62.26626111111111,0.23182,4
189.10081666666665,62.254038888888886,0.22101,4
189.1552125,62.27938611111111,0.85231,4
188.97547916666667,62.19504444444444,0.50671,4
189.11797083333335,62.260977777777775,0.79338,4
189.31714583333334,62.354058333333334,1.14394,3
189.13754999999998,62.27118888888889,0.85263,4
189.18475,62.29352222222222,0.45468,4
189.10602083333333,62.25543611111111,0.64211,4
189.00917916666666,62.21061944444445,0.6393,4
189.24562916666667,62.32111944444445,0.87506,4
189.13184583333333,62.267780555555554,0.78374,4
188.96495833333336,62.18855277777777,0.50896,4
189.2109458333333,62.30362222222222,0.63407,4
188.96959583333336,62.18998055555555,0.79744,4
189.04401249999998,62.22620277777778,0.68801,4
189.10300416666666,62.252925,0.64191,4
189.2344875,62.31475277777778,0.2535,4
188.99238333333335,62.20065555555556,0.56658,4
189.10929166666668,62.25572777777778,0.85034,4
189.07254166666667,62.23790833333334,0.15666,4
189.01777083333332,62.21214166666667,0.45776,4
189.08082083333332,62.24131944444444,0.7974,4
189.2201875,62.302122222222216,0.25302,4
188.95465,62.181805555555556,0.50752,4
189.16743333333332,62.28211388888889,0.9426,4
189.07206666666664,62.23652777777778,0.84622,4
189.27308750000003,62.33074444444445,0.83571,4
189.11500833333332,62.25666666666667,0.20713,3
189.09565833333332,62.24197777777778,0.19063,4
189.29672916666667,62.340183333333336,0.63365,4
189.02662916666665,62.214725,0.13581,4
189.1014625,62.25001388888889,0.91271,3
189.10166666666666,62.24838333333334,0.63873,4
189.29788750000003,62.34059722222222,0.63384,4
189.02273749999998,62.21250555555556,0.67888,4
188.9891041666667,62.19674444444444,0.56293,4
189.07812916666666,62.237319444444445,0.74765,3
189.29140416666667,62.336308333333335,1.01071,4
189.07150833333333,62.23372777777778,0.81587,4
189.03128333333333,62.215650000000004,0.97589,4
189.0055833333333,62.20334722222223,0.56618,4
189.22935,62.30680833333333,0.51604,4
189.0734125,62.235591666666664,0.84612,4
188.95024166666667,62.17762222222222,0.83641,4
188.9557375,62.179919444444444,0.63742,4
189.28877916666667,62.335077777777784,1.01121,4
189.31749583333334,62.348525,0.6408,4
189.3510625,62.36386388888889,0.86145,4
189.3337625,62.355330555555554,1.06045,4
188.9676166666667,62.18215277777777,1.27653,4
188.95012083333336,62.176341666666666,0.63728,4
189.28577916666669,62.33345555555556,0.78871,4
189.05577916666667,62.22645,0.83525,4
189.07315416666665,62.233958333333334,0.81659,4
189.05806666666666,62.22683333333334,0.43407,4
189.0602375,62.221919444444445,0.45459,4
189.00231666666664,62.19884166666667,0.56156,4
189.112775,62.25262222222222,0.79377,4
189.18307083333332,62.284863888888886,0.50244,4
189.0486,62.22173611111111,1.38133,3
189.26750416666667,62.32346666666667,1.02849,4
189.19385416666665,62.288783333333335,0.45454,3
189.0694083333333,62.23080277777778,0.63862,4
188.95775416666666,62.17858611111111,1.01274,4
189.11175416666666,62.249969444444446,0.79379,3
189.02098333333333,62.20711666666667,0.45724,4
189.25292916666666,62.31505,1.01674,4
189.308775,62.34143888888889,0.53299,4
189.10522916666667,62.24738055555556,0.83516,4
189.08884166666667,62.23813888888889,0.51722,3
188.98074166666666,62.188538888888885,0.79688,4
189.24622916666667,62.31163333333333,1.01097,4
189.17690416666665,62.279130555555554,0.83557,4
189.28408333333334,62.32991388888889,0.31959,4
189.18068333333332,62.28124722222222,0.94381,4
189.19886666666665,62.28906666666666,0.50377,4
189.220475,62.29965277777777,0.92956,4
189.1375875,62.260422222222225,0.6816,4
189.16369166666667,62.27298333333333,0.85009,4
189.34097916666667,62.35543888888889,0.77781,4
189.16340833333334,62.273358333333334,0.84929,4
189.32672916666667,62.34624166666667,0.2317,4
189.002725,62.196530555555555,0.94709,4
188.9921875,62.19213611111111,0.74799,4
189.17019583333334,62.27446944444444,0.78019,4
189.09153750000002,62.23761666666667,1.38188,4
189.10376666666667,62.24408888888889,0.6404,4
188.96372916666667,62.17777777777778,1.01225,4
189.3488125,62.353575,3.53005,4
189.14549166666666,62.26351944444445,0.85454,4
189.01207916666667,62.20037777777778,0.83457,4
189.14702083333333,62.263152777777776,0.33626,4
189.30496666666667,62.3361,0.63481,4
189.25678333333335,62.31363611111111,0.23137,4
189.2627875,62.31573888888889,0.87527,3
189.0736,62.22898333333333,0.53375,4
189.2814,62.321933333333334,0.94427,3
189.02810833333334,62.205844444444445,0.74713,4
189.32624166666668,62.34319166666667,0.25436,4
189.21446666666665,62.29249444444444,0.21224,4
188.993875,62.18944444444444,0.50653,4
189.212775,62.29206666666666,0.3187,4
188.98070416666667,62.18090833333333,0.40892,4
189.11621250000002,62.24696111111111,0.68023,4
189.02929583333332,62.20449444444445,0.07879,4
189.04107083333332,62.19616111111111,0.13596,4
189.32522916666667,62.34198611111111,0.58377,4
188.9605666666667,62.169555555555554,0.40949,4
189.30682916666666,62.334250000000004,0.27768,4
189.28046666666668,62.32138333333334,0.67673,4
189.08270416666664,62.229955555555556,0.53437,4
189.2210458333333,62.29337222222222,1.2233,4
189.17225416666665,62.27165,0.85005,4
189.2352208333333,62.30112777777777,0.49727,4
189.17667083333333,62.27283611111111,0.8541,4
189.13528333333332,62.25366944444445,0.68269,4
189.180625,62.274094444444444,0.85106,4
189.16079166666665,62.266283333333334,0.45793,4
189.20925416666665,62.28830833333333,0.51283,4
188.97128333333336,62.177025,1.37091,4
189.22549999999998,62.29380277777778,0.37673,4
189.3556125,62.35453888888889,0.60762,4
189.30946666666665,62.33286666666667,0.88789,3
189.1800458333333,62.27361111111111,0.85087,4
188.9988666666667,62.187688888888886,0.56779,4
189.24549583333334,62.30276388888888,0.94298,3
189.30549583333334,62.331494444444445,0.43785,4
189.01872916666665,62.19703333333333,0.77928,4
189.13808333333333,62.25378055555556,0.51962,4
189.12855416666667,62.248216666666664,0.86408,4
189.32735833333334,62.340944444444446,1.01976,4
189.37605000000002,62.35831666666667,0.70781,4
189.069325,62.21959722222223,0.4372,4
189.24856666666665,62.304063888888884,0.49696,3
189.1048708333333,62.236330555555554,0.31803,4
189.18147083333332,62.273488888888885,1.44669,4
189.06516666666664,62.21810277777778,0.1689,4
189.05427083333333,62.21253055555556,0.41073,3
189.03898333333333,62.20509166666667,0.68729,3
189.31747083333332,62.33626666666667,0.25442,4
189.30489583333335,62.330288888888894,0.69671,4
189.26157500000002,62.30878333333333,0.37622,4
189.0076208333333,62.19071944444444,0.91297,4
189.25510416666665,62.30638888888888,0.94178,4
189.24220833333334,62.29923888888889,0.90408,4
189.10820416666664,62.236536111111114,0.5276,4
189.12460416666664,62.244708333333335,0.76096,4
189.2341625,62.295208333333335,0.31911,4
188.98007083333334,62.17706111111111,1.0002,4
189.11757083333333,62.24245555555556,0.24281,3
189.2711125,62.31208888888889,0.87465,4
189.344225,62.346244444444444,0.87026,4
188.98192083333333,62.17856388888889,0.84671,4
189.152475,62.25681111111111,0.74308,4
188.99407083333335,62.184124999999995,0.63782,4
189.296075,62.32449444444445,1.14549,4
189.11433333333332,62.238686111111114,0.08897,4
189.24469166666665,62.299211111111106,0.94182,4
189.02439999999999,62.19674444444444,1.48478,3
189.03796666666665,62.201680555555555,0.84557,3
189.08640416666665,62.22455,0.53315,4
188.99445833333334,62.18183333333333,1.01953,3
189.21495833333333,62.283905555555556,0.95478,3
189.36167083333336,62.354061111111115,0.52877,4
189.1150458333333,62.23849444444445,0.75133,3
189.03272083333334,62.20018888888889,0.50355,4
189.1931625,62.274791666666665,0.50322,4
189.260275,62.30564722222222,0.76693,4
189.25900833333336,62.30441666666666,0.84021,4
189.2051875,62.27923888888889,0.143,4
189.02926250000002,62.19712777777777,0.10574,4
189.09595833333333,62.22955,0.48446,4
189.31482499999998,62.330172222222224,0.15778,3
188.97188333333335,62.168225,1.01628,4
189.3248,62.33447777777778,0.93667,3
189.09170833333332,62.22569444444444,1.60773,3
189.25689583333335,62.303980555555555,0.43746,4
189.35704583333333,62.34917222222222,1.08282,4
189.15744999999998,62.256366666666665,1.22122,4
189.187275,62.27128333333333,0.74683,4
189.00082916666665,62.18289444444444,1.01841,4
189.24809166666665,62.29953333333333,0.90479,4
189.11426666666665,62.23650833333333,0.10554,4
188.99548333333334,62.18006944444444,0.79709,4
189.3634416666667,62.352075,0.28041,4
189.26904583333334,62.30721944444444,1.25063,4
189.19749583333333,62.27446111111111,0.87072,4
189.1654375,62.257275,0.37661,4
189.19316666666666,62.27071111111111,0.50309,3
189.16102916666665,62.25721111111111,0.63248,4
189.12854583333333,62.24261666666667,0.43824,4
189.33800833333333,62.33868888888889,0.25462,4
189.12453333333332,62.239311111111114,0.51946,3
189.08306666666667,62.218650000000004,0.47151,4
189.07962083333334,62.21716666666667,1.23903,3
189.004675,62.182916666666664,0.56794,3
189.0752875,62.21605,0.47329,4
188.98918333333336,62.17431111111111,0.40941,4
189.0136625,62.186411111111106,0.63819,4
189.2204625,62.282016666666664,0.76115,4
189.00126666666668,62.18025833333333,0.5632,4
189.19759166666665,62.27226944444444,0.50173,3
189.15120416666667,62.2502,0.55986,4
189.14282083333333,62.246725,0.50716,4
189.20834166666666,62.27693333333333,0.50348,4
188.99005416666668,62.17348611111111,3.07498,4
189.14753333333334,62.247141666666664,0.55671,4
189.2409833333333,62.289738888888884,0.52912,4
189.03407916666666,62.194602777777774,0.88751,4
189.16075,62.25278333333333,0.46196,4
189.0810375,62.214619444444445,0.47325,4
189.09038333333334,62.22047222222223,0.26652,3
189.34048333333334,62.33471666666667,0.21096,4
189.36025833333335,62.34535555555556,0.48524,4
189.27407916666667,62.30479722222222,0.85514,4
189.20452916666667,62.27236111111111,0.50121,3
189.26391666666666,62.29951111111111,1.01673,4
189.27709583333333,62.30511111111111,0.85585,3
189.08817083333332,62.21848611111111,0.47293,4
189.22622083333334,62.28195,0.94194,4
189.14067916666667,62.24191388888889,0.51986,4
189.21114166666666,62.27465,0.83567,4
189.0197375,62.18510277777777,0.50308,4
189.25630416666667,62.29630833333333,0.4749,3
189.2513291666667,62.291866666666664,0.74352,3
189.26033333333334,62.29705555555555,1.01762,4
189.12489166666666,62.234205555555555,0.79358,4
189.23954166666667,62.287594444444444,0.5131,4
189.25211666666667,62.29261111111111,0.66031,4
189.14378749999997,62.24156111111111,0.51864,3
189.22912916666667,62.28286111111111,0.50305,4
189.08255416666665,62.21438611111111,0.69442,4
189.1210708333333,62.23115,0.45723,4
189.29719166666666,62.31387222222222,0.4728,4
189.14274166666667,62.24249722222223,0.51841,4
189.21852916666666,62.277116666666664,0.51373,4
189.33721666666668,62.33216111111111,0.77808,3
189.08977083333332,62.21678611111111,0.68814,4
189.28667916666666,62.305030555555554,0.23192,4
189.24981666666667,62.28766666666667,0.35505,4
189.0035125,62.17515833333333,0.69568,3
189.20947916666668,62.27116111111111,0.50269,3
189.36612916666667,62.342961111111116,1.14824,4
189.38236666666668,62.34988888888889,0.74112,4
189.04099166666666,62.19154722222222,0.77315,4
189.14609583333333,62.24153611111111,0.29646,4
189.0359875,62.19011944444444,0.84047,4
189.13859166666666,62.23642777777778,1.34476,4
189.01789166666666,62.18058055555555,0.85138,3
189.25422083333333,62.29154722222222,0.71093,4
189.0949125,62.21661944444445,0.47253,4
189.05110833333333,62.19584166666667,0.27479,4
189.17729583333335,62.25510555555555,0.5331,4
189.05020000000002,62.19410555555555,0.27541,4
189.0522,62.19461666666666,0.27591,4
189.3888,62.35250833333333,0.25382,4
189.3547125,62.33560833333333,0.78478,4
189.0928833333333,62.21154166666667,0.45798,4
188.99565416666667,62.16815833333333,0.56902,3
189.05894583333333,62.19638888888888,0.28581,4
189.27191666666667,62.29620277777778,0.78879,4
189.31717083333334,62.31681944444445,1.02682,3
189.20265416666666,62.26459722222222,0.85222,4
189.07225,62.203500000000005,1.0155,4
188.99074166666668,62.16500555555555,0.3204,3
189.08267916666665,62.20814166666667,0.3974,4
189.19534583333333,62.26126388888889,0.91703,4
189.0199458333333,62.17870277777777,0.94814,4
189.3543875,62.33463611111112,0.27679,4
188.9938125,62.16638888888889,0.53496,4
189.01845416666666,62.17715833333333,0.94818,4
189.33534583333335,62.32525555555556,0.83601,4
189.1781125,62.250772222222224,0.69731,4
189.2929041666667,62.303461111111105,0.69666,4
189.19335416666667,62.258025,0.85045,4
188.99550416666668,62.16533333333333,0.45642,4
189.17489166666664,62.24901944444444,0.84948,4
189.10435,62.216855555555554,0.51846,4
189.19617916666664,62.25831111111111,0.57028,4
189.18149583333334,62.25151666666667,0.848,4
189.20209583333335,62.26125277777778,0.50502,4
189.19258749999997,62.257583333333336,0.85097,4
189.37589583333332,62.34231388888889,0.63383,4
189.09236666666666,62.21034166666667,0.63186,4
189.12358749999999,62.223597222222224,0.76122,4
189.10378749999998,62.214513888888895,0.63182,3
189.12393333333335,62.22497777777778,0.74714,4
189.33990416666666,62.32420555555556,0.2113,4
189.24510833333332,62.27713333333333,0.29864,4
189.2769125,62.29139722222222,0.29947,4
189.08970833333333,62.20745,0.39847,4
189.35640833333335,62.32808055555556,0.27746,4
189.04450833333334,62.18702777777777,0.85,4
189.36903333333333,62.33646111111111,1.22376,4
189.30912083333334,62.309066666666666,0.45788,4
189.3861625,62.34560277777778,0.31937,4
189.23262499999998,62.27473611111111,0.50233,4
189.34520833333335,62.32674444444445,0.83922,4
188.99406666666667,62.16263611111111,1.0876,4
189.35044166666668,62.32745277777778,0.80418,4
189.2247375,62.26858055555555,0.84991,4
189.20791666666668,62.261602777777775,0.94061,3
189.0336375,62.17911111111111,1.34781,3
189.3246375,62.31539166666666,2.23703,3
189.0225,62.17548055555555,0.63371,4
189.24210416666665,62.277477777777776,1.01734,4
189.050425,62.18716111111111,0.13581,4
189.00182916666665,62.163755555555554,0.51171,4
189.2778,62.29385555555555,1.1436,4
189.06397083333334,62.192949999999996,1.01593,3
189.39029583333334,62.34451666666667,0.84108,4
189.25182083333334,62.280005555555555,0.37554,3
189.20080416666667,62.25693888888889,0.53325,4
189.03328333333332,62.17735,0.67667,4
189.25294583333334,62.28033611111111,0.51304,4
189.33860833333333,62.32090277777778,0.23107,4
189.02790833333333,62.17626666666666,0.64145,3
189.03157916666666,62.17637222222222,0.679,4
189.0701125,62.19461666666666,1.01621,4
189.05637083333335,62.188494444444444,1.13943,4
189.0672583333333,62.19213055555555,1.01535,3
189.11376249999998,62.216058333333336,1.22261,4
189.37084583333333,62.334336111111114,0.27714,4
189.36005,62.329036111111115,1.01028,3
188.98980833333334,62.157269444444445,1.02779,3
189.11082499999998,62.21448055555556,0.55653,4
189.056975,62.18703333333333,0.52901,4
189.2756541666667,62.28676111111111,0.25368,4
189.334,62.315555555555555,0.45575,4
189.08767500000002,62.20100277777778,0.45679,4
189.0780208333333,62.198366666666665,0.76572,4
189.2616375,62.282111111111114,1.01901,3
189.0339708333333,62.17668333333333,0.67898,4
189.19914999999997,62.25355833333333,0.5336,4
189.05135833333333,62.18269166666666,0.52906,4
189.0269625,62.17104444444444,0.47083,4
189.355525,62.32360833333334,0.33519,4
189.27880833333333,62.28863888888889,0.59008,4
189.26032916666665,62.27917222222222,0.74411,4
189.21805833333332,62.26029722222222,0.93863,3
189.19230416666664,62.2477,0.67947,3
189.1715625,62.239177777777776,0.51799,4
189.015075,62.16437777777777,0.63767,4
189.0308875,62.17300833333333,0.63933,4
189.15298333333334,62.22956388888889,0.9588,4
189.32034166666668,62.306663888888885,0.83911,4
189.3931625,62.34185277777778,0.93764,4
189.0334375,62.173880555555556,0.74687,4
189.3817625,62.33561944444445,1.15302,3
189.3218,62.301227777777775,0.97127,4
189.1521625,62.228,0.55645,3
189.0257125,62.16867777777777,0.93746,4
189.023525,62.167075,0.79847,4
189.02395416666664,62.16753611111111,0.93656,3
189.1399625,62.22220277777778,0.84455,3
189.33271249999999,62.310125,1.51977,3
189.3980875,62.34177777777778,0.68131,4
189.08584166666668,62.19526388888889,0.62926,4
189.00492500000001,62.15819722222222,0.4854,4
189.3738375,62.326238888888895,0.31864,4
189.10198333333335,62.19433055555555,0.23046,4
189.2692291666667,62.281013888888886,0.37657,4
189.01782916666667,62.16283055555555,0.52929,4
189.250875,62.27087222222222,0.91344,4
189.33589166666667,62.310377777777774,0.25397,3
189.01323333333332,62.15923333333333,0.45438,4
189.1785583333333,62.23668611111111,0.58491,4
189.19527916666667,62.246425,0.55755,4
189.25164999999998,62.27135277777778,0.91303,4
189.39805416666667,62.33843055555556,1.14196,4
189.25874583333334,62.275375,1.24996,3
189.15531666666666,62.22621388888889,0.8465,3
189.26372083333334,62.27576666666666,0.74522,4
189.15113333333332,62.22215555555556,0.67975,4
189.27010416666667,62.27865277777778,0.60413,4
189.0928625,62.19667222222222,0.56242,4
189.03072083333333,62.16664166666666,0.92287,4
189.01135,62.158830555555554,0.84073,4
188.99952500000003,62.15248333333333,0.79405,3
189.04278333333332,62.17202777777778,0.55778,4
189.21417916666667,62.25174444444445,0.9363,3
189.00583333333333,62.155788888888885,0.50707,4
189.2881625,62.286905555555556,0.32149,4
189.35603749999999,62.31881944444445,0.2111,4
189.25021666666666,62.26824722222222,1.0131,4
189.39906666666667,62.33595833333334,1.08202,3
189.38184166666667,62.329683333333335,0.27779,4
189.1612708333333,62.2275,0.35766,4
189.02092916666666,62.16023611111111,1.147,3
189.396975,62.33555555555556,1.08283,4
189.03075,62.163980555555554,0.63231,3
189.07762499999998,62.18751666666666,1.02059,4
189.29995833333334,62.290863888888886,0.68069,4
189.24327083333333,62.26349444444445,0.45652,4
189.18231666666665,62.23241388888889,0.20133,4
189.2256875,62.25418611111111,0.84876,4
189.38936666666666,62.33108333333334,0.44676,4
189.12982499999998,62.21008333333334,0.45694,4
189.28399583333336,62.28308611111111,0.45737,4
189.22096666666667,62.2524,0.9378,4
189.3496291666667,62.311836111111106,0.55659,4
189.13279999999997,62.21125,0.5281,4
189.12499166666666,62.20679722222223,0.41058,4
189.40386666666666,62.335908333333336,0.58557,4
189.01155416666666,62.15443888888889,0.47338,4
189.38228333333336,62.326033333333335,0.31885,4
189.1707,62.22815555555556,1.01555,3
189.35389583333335,62.31227777777777,1.22372,3
189.39901666666668,62.334783333333334,0.58571,4
189.2711125,62.27429166666666,1.12052,3
189.0346625,62.16444166666667,0.84029,4
189.26773333333335,62.27351111111111,0.47418,4
189.09008333333333,62.18955555555555,0.64006,4
189.13615416666667,62.21091944444445,0.45806,4
189.02915833333333,62.16028611111111,0.79834,4
189.0131625,62.15199444444444,0.90965,4
189.40243333333333,62.33488611111111,0.5857,4
189.05692083333332,62.17420833333333,0.48292,3
189.3563166666667,62.31386388888889,0.84087,4
189.0329375,62.15188055555556,0.63718,4
189.20127083333335,62.240652777777775,0.13892,4
189.3763166666667,62.321247222222226,0.83565,4
189.38954583333333,62.32801666666667,0.27115,4
189.17989166666666,62.229822222222225,1.24547,3
189.0738125,62.18045,1.10887,3
189.28497916666666,62.27748888888889,1.22174,3
189.0443125,62.16511944444444,0.87577,4
189.0301625,62.15998333333333,0.63853,3
189.34853333333334,62.308386111111105,0.43907,4
189.19381666666666,62.235416666666666,0.12913,4
189.16035416666665,62.22027777777778,0.635,4
189.01492916666666,62.146569444444445,0.34175,4
189.09529583333332,62.18839722222222,1.1014,3
189.39029166666668,62.32571388888889,1.14847,4
189.19311249999998,62.23458888888889,0.96047,3
189.041375,62.164766666666665,0.74744,3
189.31745,62.29183611111111,1.08225,4
189.220375,62.24554722222222,0.32077,4
189.18554583333335,62.229822222222225,1.31408,3
189.29986250000002,62.28313611111111,1.14198,4
189.02395833333333,62.154019444444444,0.47321,3
189.3916291666667,62.32699166666667,0.27332,4
189.1407625,62.20951666666667,1.14341,3
189.10002083333333,62.189297222222216,0.84041,3
189.38732083333335,62.32316111111111,0.93647,4
189.21410416666666,62.23910277777778,0.43784,4
189.17370833333334,62.223425,0.48506,4
189.23802916666665,62.25311111111111,0.84869,4
189.34139166666665,62.301713888888884,0.11656,4
189.08077916666667,62.17883333333333,1.10921,3
189.12660833333334,62.20239166666667,0.45689,4
189.08879166666665,62.18350833333333,0.6334,4
189.1804875,62.22571111111111,0.90424,3
189.08606666666665,62.180699999999995,1.02733,3
189.121225,62.19808611111111,0.52931,4
189.20980416666666,62.238505555555555,0.81805,4
189.38326666666666,62.319947222222225,0.39284,4
189.26137916666667,62.26208333333334,0.51236,4
189.1714,62.220683333333334,1.01618,4
189.092725,62.185091666666665,0.27554,4
189.15563333333333,62.214555555555556,0.48431,3
189.4193625,62.33545,0.74131,4
189.24125416666664,62.25196388888889,0.11645,4
189.14564166666668,62.206722222222226,0.56249,4
189.06336666666667,62.169130555555554,1.02718,4
189.100225,62.18601666666666,0.76543,4
189.39575,62.323525000000004,0.63417,4
189.36986249999998,62.31085833333333,0.51897,3
189.20624166666667,62.23517777777778,0.75169,4
189.2983,62.27789444444444,1.24698,4
189.28220000000002,62.271074999999996,0.94026,4
189.1535333333333,62.20921111111112,0.4372,4
189.23343333333332,62.24852222222222,0.32147,4
189.02633333333335,62.14960833333333,1.0167,3
189.36066250000002,62.30726111111111,0.43814,4
189.1025083333333,62.186452777777774,0.74817,4
189.156725,62.211330555555556,0.45873,4
189.30955833333334,62.28232777777777,0.44718,4
189.16249166666665,62.21251111111111,0.48554,3
189.19112083333334,62.223822222222225,0.32077,4
189.27097916666668,62.262991666666665,0.53278,4
189.1965875,62.228258333333336,1.31479,3
189.20596666666665,62.22965833333333,0.08927,3
189.0666125,62.16896666666666,0.33705,4
189.060275,62.16500555555555,0.93513,4
189.14359166666668,62.20365,0.45733,4
189.15134583333332,62.207858333333334,0.48415,4
189.0646625,62.16558055555556,0.88844,4
189.39718333333334,62.32159166666667,0.83518,4
189.2408458333333,62.24858888888889,0.84935,4
189.28278333333336,62.26723333333333,0.51338,3
189.04734583333334,62.15611111111111,0.61431,4
189.43018333333333,62.334180555555555,0.74132,4
189.08170833333335,62.17185,1.21715,4
189.06299166666665,62.164402777777774,0.45363,4
189.326075,62.28596944444444,1.48783,3
189.2587875,62.254805555555556,0.7445,4
189.3827375,62.311452777777774,1.08528,4
189.223425,62.238194444444446,0.51654,4
189.13344999999998,62.19446111111111,1.5267,3
189.21660833333334,62.23354722222222,0.5579,4
189.22024166666665,62.23464444444445,1.01419,3
189.3793875,62.30831666666666,1.19942,4
189.1405125,62.199016666666665,0.45859,4
189.2667125,62.25641944444445,0.37593,4
189.25808333333333,62.25286944444444,0.93778,4
189.17668749999999,62.21450555555556,1.24023,4
189.23998333333333,62.24385277777778,0.26607,4
189.19010416666666,62.21910833333334,0.47402,3
189.249675,62.247191666666666,0.76101,4
189.19479166666667,62.220058333333334,0.48489,4
189.2446875,62.24403888888889,0.51117,4
189.16239583333333,62.205488888888894,0.60818,4
189.31429583333335,62.275702777777774,0.85182,4
189.15336666666667,62.203630555555556,0.84767,4
189.046825,62.15087777777778,1.13899,4
189.31935000000001,62.27895,0.55719,4
189.21579583333335,62.23158055555556,0.55607,4
189.18587916666664,62.217913888888894,0.48427,4
189.06615833333333,62.15987777777778,0.84208,4
189.3839125,62.30768055555555,0.2462,4
189.4388125,62.332663888888895,1.20005,4
189.03003333333334,62.14230277777778,1.01385,4
189.08285833333335,62.165663888888886,0.84332,3
189.13109166666666,62.18719166666666,1.0124,3
189.21974166666666,62.231855555555555,1.35907,4
189.28660416666668,62.26089722222222,0.69101,3
189.20322499999997,62.221783333333335,0.75174,4
189.24522083333332,62.24301111111111,0.67664,4
189.4190125,62.32132777777778,1.15227,4
189.13804583333334,62.19268888888889,0.07883,4
189.18414166666668,62.21327222222222,0.55627,4
189.22540416666666,62.23172777777778,0.8501,3
189.15307916666669,62.198899999999995,0.55611,3
189.43597083333336,62.32921944444445,0.79988,4
189.03987916666665,62.145783333333334,0.91442,4
189.18417499999998,62.211175000000004,0.87376,3
189.27625,62.255,0.83977,4
189.05611249999998,62.153,0.40967,4
189.15354166666665,62.19302222222222,0.07862,4
189.27742916666668,62.253655555555554,0.83937,4
189.03685833333333,62.140997222222225,1.01378,3
189.3909125,62.30707222222222,0.56372,4
189.3638875,62.29304166666667,1.01082,3
189.09160416666668,62.16663055555556,0.75041,4
189.1667875,62.20203055555556,1.01662,3
189.20575833333334,62.21976388888889,0.47582,4
189.39109583333334,62.307338888888886,0.56419,4
189.13458333333332,62.18598333333333,0.45659,4
189.35177500000003,62.28617222222222,0.56529,4
189.23144166666668,62.23148055555556,1.14501,3
189.0952125,62.16869166666667,0.74756,3
189.29909166666667,62.254038888888886,0.29881,4
189.35993333333334,62.29046666666667,0.27136,4
189.0777791666667,62.15926944444444,0.74729,4
189.3981625,62.30673888888889,0.44775,3
189.2071875,62.220261111111114,0.47452,4
189.0939,62.166894444444445,0.74918,3
189.17010833333333,62.200813888888895,1.00908,4
189.2910625,62.256619444444446,0.20128,4
189.056275,62.14718055555556,0.7607,4
189.30985416666667,62.266422222222225,0.56601,4
189.35767916666668,62.28734722222222,0.9144,3
189.2547416666667,62.240544444444446,0.89877,4
189.18185416666665,62.20508055555556,0.75057,3
189.21279166666667,62.22238055555556,0.20082,4
189.34356666666667,62.28091111111111,0.84121,4
189.195,62.21028333333334,0.32121,4
189.04093749999998,62.140541666666664,0.23848,3
189.41454583333334,62.31316111111111,0.33639,4
189.28487500000003,62.25403333333333,0.8392,4
189.24655833333333,62.23535555555556,0.08871,4
189.30851666666666,62.263666666666666,0.83987,4
189.4185,62.314838888888886,0.95492,3
189.042725,62.14176944444444,0.63621,4
189.111275,62.17213888888889,0.25404,4
189.11867916666665,62.176941666666664,0.76076,4
189.31591666666668,62.266505555555554,0.3293,4
189.3028541666667,62.261827777777775,0.53341,4
189.17887083333332,62.204527777777784,0.45375,4
189.26635833333333,62.24476111111111,0.4748,4
189.2622125,62.24104166666667,0.89841,4
189.33349583333333,62.27558055555556,0.43791,4
189.0363,62.13612777777778,0.68086,4
189.08020416666665,62.15640277777778,1.01478,4
189.07556666666667,62.152208333333334,0.2128,4
189.20686666666666,62.215975,0.47483,4
189.24960000000002,62.23487222222222,0.51461,4
189.32315833333334,62.268924999999996,0.70971,4
189.36098750000002,62.28709444444444,0.56442,3
189.3592416666667,62.28525833333333,0.77788,4
189.335775,62.27491111111111,0.84022,4
189.09474583333332,62.16280555555556,0.74773,4
189.28803333333335,62.25219722222222,1.22431,3
189.19606666666667,62.21022222222223,0.32089,4
189.36458333333334,62.287238888888886,0.77829,4
189.24749166666666,62.23464444444445,0.08874,4
189.32795833333333,62.26971388888889,0.53332,4
189.23380833333334,62.22486388888889,1.24442,4
189.2117708333333,62.215494444444445,0.32177,4
189.40402500000002,62.30399166666666,0.4457,4
189.19705416666665,62.20849722222223,0.42331,4
189.14697499999997,62.186077777777776,0.41013,4
189.2522,62.234947222222225,0.42263,4
189.15271249999998,62.18653333333333,0.8451,4
189.38737500000002,62.29524166666666,0.7718,4
189.11462083333333,62.171588888888884,0.25316,4
189.1096,62.166063888888885,0.90257,4
189.3991041666667,62.30287222222222,0.299,4
189.2622125,62.23985833333334,0.51115,4
189.16163333333333,62.18987222222222,1.00505,3
189.06239583333334,62.144825,0.1534,4
189.28480416666667,62.24829444444445,0.56259,3
189.11241666666666,62.16675,0.31597,4
189.40132083333336,62.300713888888886,0.41265,4
189.26934166666666,62.241422222222226,0.56046,4
189.11357916666668,62.167202777777774,0.84142,4
189.3103125,62.258269444444444,0.85689,4
189.20952083333333,62.21268611111111,0.6806,4
189.32810416666666,62.26792222222222,0.55766,4
189.1809,62.19765833333333,1.23894,3
189.40285833333334,62.30060833333333,0.18743,4
189.3737125,62.286830555555554,0.64073,4
189.10929583333333,62.163777777777774,0.08958,4
189.2298125,62.21978888888889,0.32089,3
189.42129166666666,62.31079722222222,0.57117,4
189.35116250000002,62.27554722222222,0.8517,4
189.17997916666664,62.196675,1.00744,3
189.15879583333333,62.18788055555555,1.0174,4
189.28962916666669,62.246966666666665,0.41988,4
189.23111666666665,62.21977777777778,0.95443,4
189.26144166666668,62.23379444444445,1.24624,4
189.08154583333334,62.14991111111111,0.92651,4
189.2744416666667,62.23979166666667,0.97128,3
189.11556666666667,62.16433611111111,1.21456,4
189.20929166666667,62.21101388888889,0.47415,4
189.17338333333333,62.19214722222222,0.08923,4
189.12627083333334,62.17058888888889,0.48176,4
189.20819583333332,62.20717777777778,1.20372,3
189.326675,62.26490277777778,0.4759,4
189.20105833333332,62.20382777777778,0.96092,3
189.0863083333333,62.151849999999996,1.01231,3
189.37972083333335,62.287413888888885,1.01268,4
189.30709166666668,62.2531,0.52382,4
189.22460416666667,62.21497777777778,0.64189,4
189.29136666666668,62.24381944444445,0.93605,4
189.07897083333333,62.14572222222222,0.9427,3
189.25853750000002,62.23030833333333,0.51168,4
189.095575,62.152625,0.84282,4
189.2611541666667,62.229758333333336,0.51241,3
189.11911666666666,62.164294444444444,1.01428,3
189.3146416666667,62.25437222222222,0.56354,4
189.4151125,62.29731944444444,0.21331,4
189.4603625,62.32238055555556,0.9704,4
189.41913333333332,62.302825,1.03061,4
189.16993749999997,62.18583611111111,0.76542,4
189.30510416666667,62.25040833333333,0.67752,4
189.24054583333333,62.220844444444445,0.95438,3
189.08890833333334,62.14870833333333,1.07961,3
189.1938375,62.197577777777774,0.50393,3
189.28385416666666,62.23963611111111,0.56392,4
189.34265833333333,62.265569444444445,1.14109,4
189.38722916666669,62.287025,0.63412,4
189.26596250000003,62.23141388888889,0.74502,4
189.06372083333332,62.13556944444444,0.50858,4
189.2227375,62.20947777777778,0.5593,4
189.184925,62.19255555555555,1.01279,4
189.0616625,62.133544444444446,0.74806,4
189.29504583333335,62.242136111111115,0.67675,4
189.08432916666666,62.145716666666665,1.01642,3
189.23596666666666,62.21455277777778,1.23407,4
189.32990416666667,62.25835,0.84173,4
189.10399166666664,62.15348888888889,0.59449,4
189.30587916666667,62.247350000000004,0.9354,4
189.07390416666664,62.13860833333333,0.51241,4
189.195425,62.19575555555555,1.0599,4
189.33805416666667,62.26229444444444,0.77817,4
189.3325625,62.25886388888889,0.84212,4
189.09165833333333,62.14751388888889,1.01564,3
189.21552083333333,62.20559166666667,0.30003,4
189.27420833333335,62.23130277777778,0.56445,4
189.32182916666667,62.25331944444444,0.33588,4
189.23157083333334,62.2126,0.79101,4
189.21952083333332,62.205444444444446,0.40098,4
189.4001,62.29051944444444,0.7092,4
189.25440833333334,62.222100000000005,0.66503,3
189.205675,62.19860833333333,0.96225,4
189.1543,62.175355555555555,1.01596,3
189.19245416666664,62.19499166666667,1.01638,4
189.28983333333335,62.239872222222225,0.47525,4
189.38425416666666,62.28292222222222,0.97499,4
189.241975,62.21672777777778,0.3204,4
189.42716666666666,62.30325833333333,2.30897,3
189.3745875,62.27914722222222,0.86068,4
189.35575833333334,62.26884722222222,0.57054,4
189.2388375,62.21650833333334,0.47436,4
189.34325833333335,62.262055555555555,0.93761,3
189.2808875,62.23242777777778,0.78803,4
189.14015416666666,62.168302777777775,1.01557,4
189.17026249999998,62.18187777777778,0.8736,4
189.18957083333333,62.19105277777778,1.5291,3
189.06795416666668,62.132825000000004,1.00639,3
189.4151416666667,62.29494444444444,0.80018,4
189.42672083333332,62.30040277777778,0.27777,4
189.17260833333333,62.18091388888889,0.93671,4
189.07154583333335,62.13472222222222,0.50837,4
189.14685416666666,62.16927777777777,0.45378,4
189.2361125,62.21265833333334,0.51777,4
189.20524999999998,62.196799999999996,0.95956,3
189.33496250000002,62.25579722222222,0.93718,3
189.20263333333332,62.19475277777777,1.01327,3
189.18312916666667,62.185275,0.84532,4
189.33584583333334,62.255491666666664,0.6978,4
189.33494166666668,62.25656388888889,0.93688,4
189.44099583333335,62.30457777777777,1.36435,4
189.12002083333334,62.156475,0.51827,4
189.4669125,62.31395833333333,0.57055,4
189.41521250000002,62.294238888888884,0.44498,4
189.12779166666664,62.15810277777778,1.01565,3
189.18860416666666,62.18575,0.51239,4
189.3522,62.263061111111114,0.69101,4
189.13403333333335,62.16031666666667,1.26088,3
189.4238916666667,62.29461388888889,0.8363,4
189.1664625,62.17484444444444,0.93458,4
189.30951666666667,62.241397222222226,0.79875,4
189.13220833333332,62.158877777777775,0.28589,3
189.2847375,62.22851666666667,0.85614,4
189.19858333333332,62.18895277777777,1.22353,4
189.35037083333333,62.259880555555554,0.8507,4
189.30758333333335,62.24015277777778,0.47533,3
189.10162916666664,62.14348611111111,0.95371,3
189.2384375,62.20713333333334,0.56224,4
189.35904166666668,62.26414166666667,0.26624,4
189.18505833333333,62.18136388888889,0.93703,4
189.27585833333336,62.22578888888889,0.75236,4
189.1065708333333,62.14516666666667,1.26305,3
189.236075,62.205530555555555,0.95422,3
189.31819166666668,62.242422222222224,0.63471,4
189.235175,62.202536111111115,0.32096,4
189.35488750000002,62.25063611111111,0.45766,4
189.1185375,62.148719444444446,0.72033,4
189.2443625,62.20601388888889,0.68177,4
189.32409583333333,62.24424166666667,0.41031,4
189.27423333333334,62.22145833333334,0.75293,4
189.36975833333335,62.26459444444444,0.45098,4
189.30270000000002,62.23258888888889,0.85018,4
189.30502083333334,62.23464444444445,0.43995,4
189.13314166666666,62.15376388888889,0.95375,4
189.17919166666667,62.17511388888889,0.55013,4
189.372025,62.26405,0.8491,3
189.25233749999998,62.20962222222222,0.56315,4
189.37497083333335,62.266555555555556,0.21706,4
189.24294166666664,62.20391388888889,1.01897,4
189.294125,62.228233333333336,0.74545,4
189.439875,62.29666666666667,0.57393,4
189.19412916666664,62.18032222222222,0.93987,4
189.20050416666666,62.18396111111111,0.64943,4
189.1849125,62.176969444444445,0.88887,4
189.25927083333335,62.211955555555555,0.1053,3
189.23953333333333,62.203027777777784,0.66448,4
189.30545416666666,62.23233333333334,1.01528,4
189.31558333333334,62.237966666666665,0.76093,4
189.22242916666667,62.194325,1.26977,3
189.11117916666666,62.141675,0.5553,4
189.28477916666668,62.222430555555555,0.78755,4
189.15917916666666,62.16486111111111,0.51264,4
189.09194166666668,62.13038888888889,0.63587,4
189.10164166666667,62.131480555555555,0.76065,3
189.445225,62.29535277777778,1.15183,4
189.12833750000001,62.14780277777778,0.47378,3
189.33767916666667,62.246119444444446,0.50224,4
189.24575833333333,62.20243333333334,0.8517,4
189.37230416666665,62.260102777777774,0.84642,4
189.13750833333333,62.152766666666665,0.8457,4
189.342575,62.24693055555556,0.79687,4
189.20808749999998,62.182988888888886,0.68313,4
189.1266,62.14533055555555,0.84052,4
189.3903875,62.26847222222222,0.85234,3
189.19949999999997,62.179319444444445,1.2233,3
189.10476666666668,62.1341,0.92628,4
189.43095833333334,62.28626111111111,0.44391,4
189.22236666666666,62.188872222222216,0.41036,4
189.2932291666667,62.22213888888889,0.3207,4
189.12300833333333,62.14368888888889,0.5608,3
189.23179166666665,62.193216666666665,0.55855,4
189.28827916666668,62.218605555555555,0.52326,3
189.16107083333333,62.16032777777777,0.87319,3
189.22766666666666,62.19085833333333,0.25418,4
189.158725,62.15776666666667,0.51226,3
189.2278208333333,62.189586111111105,0.68026,4
189.4423291666667,62.291830555555556,0.48657,4
189.21342083333334,62.18351388888888,0.51742,4
189.0756625,62.11830555555556,0.39464,4
189.08725833333332,62.12583611111111,0.43424,4
189.34777916666667,62.246716666666664,0.25327,4
189.30455416666666,62.22604722222223,0.84072,4
189.14443749999998,62.15043611111111,0.401,4
189.3165375,62.23020277777778,0.44659,4
189.21143750000002,62.18297777777777,0.47452,4
189.31775416666667,62.230175,0.44653,4
189.17129166666666,62.16363333333333,0.40993,4
189.44523333333333,62.28894444444444,0.48618,3
189.1462958333333,62.151466666666664,0.20015,4
189.30651666666668,62.22448333333333,0.55734,3
189.30774583333334,62.22645,0.77837,4
189.23958333333334,62.19308333333333,1.01318,4
189.24822916666665,62.198274999999995,1.02046,4
189.24205416666666,62.19378888888888,0.6805,4
189.47131666666667,62.300102777777774,0.64049,4
189.19525833333333,62.17227222222222,0.16951,3
189.11024166666667,62.13167222222222,1.39536,3
189.08726249999998,62.12065555555556,1.14821,4
189.31276250000002,62.22615277777778,0.89896,4
189.32205416666667,62.23233888888889,0.33635,4
189.0871375,62.11986666666667,1.14967,4
189.36499583333335,62.24968333333334,0.84092,4
189.44312916666667,62.28827777777778,0.57046,4
189.09684583333333,62.124808333333334,0.48268,4
189.47710833333335,62.30191666666666,0.6807,4
189.4696625,62.29773333333333,0.29943,4
189.08657499999998,62.121344444444446,0.49336,4
189.37743333333333,62.254463888888885,0.84722,4
189.10829583333333,62.13083611111111,0.20011,3
189.47393333333335,62.29884444444444,0.76983,4
189.43830833333334,62.282063888888885,0.85202,4
189.4528125,62.289969444444445,0.43813,4
189.47605000000001,62.29873333333333,1.24719,3
189.29896666666667,62.21678611111111,0.4849,4
189.15174166666668,62.148516666666666,0.51282,4
189.07844583333332,62.115497222222224,0.20013,4
189.09730416666667,62.12281388888889,0.63815,4
189.25853750000002,62.18967222222222,0.13602,4
189.13845,62.14301944444444,0.93404,4
189.10387916666667,62.123805555555556,0.99714,4
189.35987500000002,62.243725,1.22387,3
189.27154166666668,62.20293055555556,0.38673,4
189.3533875,62.24062222222222,0.56735,4
189.29642083333334,62.215811111111115,0.48433,4
189.351475,62.23985833333334,0.52838,4
189.10275416666667,62.12423611111111,0.5087,4
189.4227125,62.27214722222222,0.5042,4
189.14292083333333,62.140705555555556,0.95633,4
189.21863333333334,62.17656944444444,0.32036,4
189.37304583333332,62.248275,0.84117,3
189.1347125,62.13742777777778,0.85034,4
189.21296666666666,62.17525555555555,0.40991,4
189.358425,62.24153333333334,1.0207,4
189.12220416666665,62.13086388888889,0.2476,3
189.28029166666667,62.203858333333336,0.65509,4
189.13802499999997,62.13885,0.84527,4
189.25615416666668,62.19320277777778,0.59461,4
189.487775,62.301402777777774,0.18913,4
189.20087916666665,62.1674,0.68064,4
189.47936666666666,62.29506111111111,1.00018,3
189.4210375,62.26788888888889,0.43916,4
189.15061666666665,62.14532777777778,0.56087,4
189.147325,62.14064166666667,1.11411,3
189.3267125,62.2246,0.47459,4
189.43122916666667,62.275444444444446,0.44391,4
189.36593750000003,62.243608333333334,0.93999,4
189.339475,62.22945277777778,1.02056,4
189.2840625,62.20418888888889,0.59398,4
189.15682916666665,62.14443333333333,0.76591,4
189.33814583333336,62.22874166666667,1.02039,4
189.33697083333334,62.22785833333334,1.01891,3
189.34312500000001,62.23056944444445,1.02098,4
189.31959583333335,62.21949722222222,0.89883,4
189.34412083333336,62.232394444444445,1.02195,4
189.1033875,62.12195833333333,0.11411,4
189.3612791666667,62.23856388888889,1.14308,3
189.3464,62.23153888888889,0.47392,4
189.22246666666666,62.17384166666666,0.97119,4
189.41472916666666,62.262994444444445,0.9917,4
189.4122,62.26139166666667,0.18952,4
189.4716375,62.28794444444444,1.36516,4
189.44743333333335,62.27677222222222,0.85045,4
189.48591666666667,62.295497222222224,0.37729,3
189.15555416666666,62.14194166666667,0.97134,4
189.17332083333332,62.15090277777777,0.27535,4
189.15348333333333,62.1415,0.76557,4
189.32735,62.22085,1.52079,4
189.1993125,62.161116666666665,0.47505,4
189.2744625,62.19821666666666,0.90316,4
189.41396666666668,62.26092222222222,0.99985,4
189.49063333333334,62.29604444444444,1.15316,4
189.41274166666668,62.26188611111111,0.18915,4
189.3318875,62.22708611111111,0.47837,4
189.28020833333335,62.19934166666666,0.59442,4
189.43045833333335,62.270558333333334,0.63342,4
189.28844166666667,62.20292222222223,0.47575,4
189.32747083333334,62.22000555555556,0.55795,4
189.35659583333336,62.23419166666667,0.64,4
189.1744833333333,62.1492,0.63462,4
189.46151666666668,62.28528333333333,0.70406,4
189.12225416666666,62.12509444444444,0.50867,4
189.25317916666668,62.18530833333333,0.80031,4
189.32927083333334,62.22089166666667,1.00339,4
189.35110833333334,62.23138055555556,0.94647,4
189.31311666666667,62.212894444444444,0.95483,4
189.11697083333334,62.12101388888889,1.34965,3
189.2183375,62.17220555555555,0.45734,4
189.497075,62.29808333333333,0.17858,3
189.28741666666667,62.20054722222223,0.85652,4
189.50039166666667,62.30223055555555,0.37465,4
189.2406,62.17798611111111,0.93601,4
189.45160833333335,62.27633333333333,0.11697,4
189.45460416666668,62.28021388888889,1.16821,4
189.36086250000002,62.23509722222222,0.47538,4
189.32962083333334,62.219075000000004,0.42253,4
189.1670333333333,62.144508333333334,0.0872,4
189.47952916666668,62.288263888888885,1.30628,4
189.21782916666666,62.16600833333333,0.75001,3
189.3190125,62.21256666666667,0.1057,4
189.14279583333334,62.13183611111111,0.97118,3
189.14212083333334,62.13017777777778,0.46455,4
189.44612916666668,62.27551388888889,0.43957,4
189.34827083333334,62.22558333333333,0.47923,4
189.21514166666665,62.165163888888884,0.13617,4
189.15216666666666,62.135038888888886,0.84582,4
189.23369583333334,62.17238611111111,0.93703,4
189.26185,62.186175,0.55936,4
189.26662083333332,62.18796388888889,1.01473,4
189.24086666666668,62.17511111111111,0.68045,4
189.48372083333334,62.290277777777774,0.68165,4
189.27337083333333,62.19139444444444,0.13625,4
189.36031666666668,62.232825000000005,0.47347,4
189.2389458333333,62.17390555555556,0.84586,4
189.1082625,62.11531388888889,0.63838,4
189.2082125,62.15988055555555,0.28599,4
189.50632083333332,62.29765833333333,0.97146,4
189.32517916666666,62.213369444444446,0.90925,4
189.20254999999997,62.158969444444445,0.5177,4
189.26057916666667,62.18487777777777,1.01396,4
189.2824875,62.19378333333333,0.55748,4
189.32710833333334,62.214241666666666,1.22409,4
189.34747083333335,62.22582777777778,0.47572,4
189.3316125,62.215611111111116,0.9089,4
189.4239,62.260216666666665,0.30559,4
189.38435416666667,62.242130555555555,0.47744,4
189.30427916666667,62.202555555555556,0.55639,4
189.44508333333334,62.26705277777778,0.47625,4
189.49780416666667,62.292516666666664,1.08435,4
189.13591666666665,62.122886111111114,0.91462,4
189.48487083333333,62.28550555555555,0.95965,4
189.13181666666668,62.12067777777778,0.59578,4
189.12702083333332,62.11835277777778,0.39873,4
189.49551666666667,62.29043055555555,0.6407,4
189.2647375,62.18384444444444,0.51784,4
189.49496666666667,62.29185833333333,0.77167,4
189.38484166666666,62.23844166666667,1.22425,4
189.29374166666668,62.195161111111105,0.85506,4
189.42259166666668,62.254358333333336,0.37713,4
189.18701666666666,62.14564166666666,0.97102,4
189.41138333333333,62.24872222222222,0.82085,4
189.21295416666666,62.16073611111111,0.20576,4
189.31435833333336,62.203300000000006,1.02147,4
189.2862,62.19118333333333,0.90716,4
189.1637875,62.13328333333333,0.56,4
189.28802916666666,62.191227777777776,1.34038,4
189.2411875,62.17021666666666,0.41012,4
189.21805416666666,62.15886111111111,0.22995,4
189.35929166666668,62.229708333333335,0.47417,4
189.442825,62.26205,0.18891,4
189.17680833333333,62.139405555555555,0.9361,4
189.47115833333334,62.275444444444446,0.91295,4
189.1059875,62.10463055555556,1.21766,4
189.253925,62.17453611111111,0.56194,4
189.18344583333334,62.14310833333333,0.51896,4
189.33004583333334,62.210030555555555,0.48354,4
189.45245833333334,62.26585,0.64061,4
189.14329583333333,62.12189444444444,0.80127,4
189.48252916666667,62.28236944444444,0.44169,4
189.41321250000001,62.24846388888889,0.82068,3
189.26483333333334,62.180052777777775,0.4253,4
189.37401666666668,62.230225000000004,0.29825,4
189.42056666666667,62.254758333333335,0.37685,3
189.28710833333335,62.188266666666664,0.63936,4
189.49529166666667,62.28531944444444,0.48367,4
189.25041666666667,62.17041111111111,0.93679,4
189.29027916666666,62.18863333333333,1.1746,3
189.3994375,62.24061388888889,1.14026,4
189.36005,62.22276388888889,0.29909,3
189.12312500000002,62.11293055555556,0.79839,4
189.15361249999998,62.12639166666667,1.00315,4
189.29398750000001,62.19459722222222,0.78797,4
189.18281666666667,62.13948888888889,0.95626,4
189.16462083333334,62.13198888888889,0.51744,4
189.27643750000001,62.18261111111111,0.90573,4
189.351425,62.21695555555556,1.48767,4
189.3505375,62.216855555555554,0.4833,4
189.40384583333335,62.242472222222226,0.6332,4
189.4003625,62.24013055555556,1.13881,3
189.47898750000002,62.27909722222222,0.30627,4
189.19484583333335,62.144666666666666,0.95686,4
189.33855,62.213055555555556,0.10556,4
189.42624166666667,62.255091666666665,0.0699,4
189.17619166666668,62.135075,1.13919,4
189.28188749999998,62.186636111111106,0.47139,4
189.4377,62.256277777777775,0.71081,4
189.14854583333334,62.12231111111111,0.56879,4
189.218875,62.155499999999996,0.95434,4
189.17921666666666,62.13554722222222,0.93736,3
189.12102916666666,62.108069444444446,0.96851,4
189.36395,62.22188333333334,0.51309,4
189.35437916666666,62.216661111111115,0.79957,4
189.30094583333334,62.19203888888889,1.21954,3
189.42114166666667,62.24755555555556,0.52838,4
189.29402500000003,62.18781111111111,0.83953,4
189.189825,62.14033333333333,0.4751,4
189.26795,62.17494722222222,0.29823,4
189.38463333333334,62.22911666666667,0.51011,4
189.46965,62.274455555555555,0.30593,4
189.17590833333333,62.13180833333333,0.49328,4
189.29835,62.19061666666666,0.41017,4
189.51300833333332,62.29088055555555,0.50779,4
189.145175,62.119502777777775,0.63442,4
189.297475,62.189455555555554,0.78426,4
189.45980833333334,62.26461666666667,0.45349,4
189.38897083333333,62.231036111111116,0.51052,4
189.19450416666666,62.142580555555554,0.9712,4
189.2520166666667,62.16715555555555,0.79023,4
189.4005625,62.236155555555555,0.93056,4
189.21756249999999,62.15025555555555,0.97248,4
189.51827083333333,62.29026111111111,0.27796,4
189.13518333333334,62.111336111111115,1.15005,4
189.260375,62.16954166666667,0.50476,4
189.15770833333335,62.12316666666667,0.84082,3
189.24056666666667,62.16043611111111,0.79049,4
189.50983333333332,62.28700555555555,0.23247,3
189.2203375,62.153036111111106,0.45718,4
189.4945166666667,62.278925,0.81942,4
189.33602083333335,62.20461944444445,0.47521,3
189.37630833333336,62.22394166666667,1.02253,4
189.28469583333333,62.182224999999995,0.42247,4
189.3406375,62.207025,0.47968,4
189.12067083333332,62.10444722222223,1.26446,4
189.31090833333334,62.19235555555555,1.45017,3
189.25507083333335,62.166019444444444,0.75296,3
189.50083333333333,62.279975,0.92874,4
189.26952083333333,62.17456388888888,0.41022,4
189.19582499999999,62.13966111111111,0.64224,4
189.37867083333333,62.224408333333336,0.89032,4
189.40540416666667,62.23641111111111,0.84942,4
189.2158625,62.14998611111111,0.97155,4
189.3518125,62.21161388888889,0.79842,4
189.49005000000002,62.27549444444444,0.82012,4
189.23263749999998,62.157075,0.41914,4
189.12528333333333,62.10413888888889,1.26611,3
189.23047083333333,62.15353333333333,0.42048,4
189.50942916666665,62.28896111111111,0.27753,4
189.23222083333332,62.15486111111111,0.41915,4
189.12380416666667,62.102647222222224,0.74809,4
189.13389583333333,62.106991666666666,0.98677,3
189.3315625,62.20131944444445,0.06971,4
189.2663,62.16925833333333,0.32144,4
189.34555833333334,62.20498333333334,0.96174,4
189.4571916666667,62.25911388888889,0.16324,4
189.20925416666665,62.145719444444445,0.43352,4
189.37982499999998,62.22081111111111,0.85134,4
189.17270416666665,62.12504722222222,1.13737,4
189.15139583333334,62.11863888888889,0.27612,4
189.44739583333333,62.25353055555556,0.67897,4
189.20527916666666,62.139775,0.39673,3
189.34338333333335,62.20460277777778,0.9646,3
189.40305,62.230333333333334,0.41201,4
189.24291666666667,62.15645,0.52911,4
189.29595416666666,62.18002222222222,0.48335,4
189.36244166666668,62.21350833333334,0.47545,4
189.26789166666669,62.16656944444444,0.32129,4
189.1907625,62.13174166666667,1.43249,3
189.2978375,62.18198888888889,0.8549,3
189.51853333333332,62.285780555555554,0.48435,4
189.48425416666666,62.2677,0.45199,4
189.2749791666667,62.169513888888886,0.52273,4
189.26895833333336,62.167725,0.23026,4
189.39310416666666,62.224000000000004,1.02068,4
189.38908750000002,62.22779722222222,0.10491,4
189.2283083333333,62.14650833333333,0.79133,4
189.25818333333333,62.16086388888889,0.74985,4
189.32390416666667,62.19083333333333,0.21315,4
189.38428333333334,62.21800277777778,1.35846,3
189.16322083333333,62.11642777777778,0.84627,4
189.3746,62.21687777777778,0.51175,4
189.45533333333336,62.25111111111111,0.2981,4
189.4019416666667,62.22745555555556,0.51209,4
189.4930375,62.26870833333333,0.85038,4
189.16288749999998,62.11451944444445,0.51645,4
189.29837083333334,62.17843055555555,0.77781,4
189.27859166666667,62.168499999999995,0.93643,4
189.21072083333334,62.13706111111111,0.48424,4
189.41922916666667,62.232736111111116,0.5104,4
189.34441666666666,62.19909722222222,0.48755,4
189.5065833333333,62.27413333333333,0.48345,4
189.41591250000002,62.231255555555556,1.35934,4
189.2788875,62.166577777777775,0.43348,4
189.30947500000002,62.18048888888889,0.13626,4
189.30895416666667,62.178980555555555,0.82058,4
189.32355,62.18723333333333,0.90289,4
189.34308333333334,62.195947222222216,0.52926,4
189.46893333333333,62.253725,1.16982,4
189.36219166666666,62.20500833333334,0.79296,4
189.1333625,62.09615,0.51861,3
189.17687916666668,62.11709722222222,0.68159,4
189.22102916666665,62.13809722222222,0.56181,4
189.42439166666668,62.23292222222222,0.51177,4
189.44410416666668,62.237316666666665,0.5113,4
189.3804,62.20983888888889,0.84984,4
189.50741666666664,62.26976666666667,0.45742,4
189.34254583333333,62.189991666666664,0.78406,4
189.53344166666665,62.28093611111111,0.47611,3
189.1335125,62.09448888888889,0.03534,4
189.14612916666667,62.10082222222222,0.41055,4
189.47737500000002,62.25742777777778,0.45659,4
189.13192916666668,62.09395833333333,0.76698,4
189.1792875,62.11633611111111,0.44359,4
189.24079583333332,62.145022222222224,1.00465,4
189.22322083333333,62.137744444444444,0.3973,3
189.2257625,62.13925,0.44643,4
189.2017,62.10918888888889,0.63481,4
189.32289166666666,62.18246944444444,0.27575,4
189.2435875,62.14705555555555,0.79114,4
189.39041666666668,62.19063055555555,0.91087,3
189.20309166666664,62.12878611111111,0.81934,3
189.16571249999998,62.10843888888889,0.79742,4
189.3076125,62.17711944444444,0.82167,4
189.4528125,62.22023333333333,0.91104,3
189.15631666666664,62.083733333333335,0.67603,4
189.4136125,62.227472222222225,0.79201,4
189.43547083333334,62.236269444444446,0.32238,4
189.35793333333334,62.20180555555556,0.08927,4
189.28922916666667,62.14382222222222,0.90698,4
189.3924875,62.19437222222222,0.20236,4
189.19596249999998,62.127544444444446,0.64203,4
189.30015833333334,62.14946944444444,0.90736,4
189.38670416666668,62.191424999999995,0.69824,4
189.4888125,62.263244444444446,0.45742,4
189.31357916666667,62.15841388888889,0.56088,4
189.26719583333335,62.13910277777778,1.02899,4
189.18576666666667,62.098908333333334,0.2867,4
189.4516625,62.226350000000004,0.83892,4
189.231825,62.12536111111111,0.24675,4
189.14427083333334,62.087155555555555,0.63456,4
189.4435875,62.221494444444446,0.96992,3
189.4046875,62.20313055555556,0.42006,4
189.4720375,62.23646388888889,0.0699,4
189.34914583333335,62.179405555555554,0.11331,4
189.37641250000001,62.191377777777774,0.47646,4
189.44779166666666,62.22325,0.79985,4
189.4320416666667,62.21933888888889,0.29889,4
189.17421249999998,62.09993333333333,0.12457,4
189.4718041666667,62.237969444444445,0.67858,4
189.49506250000002,62.24931111111111,0.45676,3
189.4526375,62.22906388888889,0.93768,4
189.37061250000002,62.19098611111111,0.93541,3
189.45979583333332,62.23544722222222,0.45894,4
189.5449875,62.27135833333333,0.52852,4
189.55362499999998,62.277947222222224,1.24568,3
189.55190833333333,62.275780555555556,0.48349,4
189.48462500000002,62.24516111111111,0.9919,3
189.30141666666668,62.159863888888886,0.82064,3
189.31425833333333,62.16558055555556,0.39193,4
189.26340000000002,62.14199444444444,0.47505,4
189.295025,62.158655555555555,0.67782,4
189.17493333333334,62.09903888888889,0.9522,3
189.35894166666665,62.186416666666666,0.93767,4
189.42924166666668,62.21972777777778,0.29876,4
189.43551250000002,62.220975,0.80017,4
189.43438749999999,62.224050000000005,1.22343,3
189.14637083333335,62.088861111111115,0.9874,4
189.2854625,62.153277777777774,1.15226,4
189.38061666666667,62.19799166666667,0.6555,4
189.5557208333333,62.27838611111111,0.18881,3
189.40819583333334,62.21205555555556,0.91134,4
189.36192083333333,62.192188888888886,0.67764,4
189.4854625,62.24887777777778,0.45686,3
189.53493749999998,62.2712,0.85017,4
189.42777083333334,62.22233333333334,0.25277,4
189.30725416666667,62.16650555555555,0.53992,4
189.334925,62.17975833333333,0.20187,4
189.31766666666667,62.17184444444444,0.9726,4
189.38438333333335,62.20048611111111,0.32783,4
189.2165125,62.12648611111111,0.84414,4
189.39696666666666,62.21042222222223,0.11348,3
189.26634166666668,62.144925,0.70356,4
189.41084166666667,62.21472222222223,0.45529,4
189.50940416666666,62.25995277777778,0.45686,4
189.17822916666668,62.10693611111111,1.02541,4
189.48191666666668,62.25189722222222,0.1892,4
189.32907500000002,62.18035833333333,0.97339,3
189.42405833333333,62.21925,0.79912,4
189.2018375,62.1315,0.20588,4
189.44421666666665,62.23314166666667,0.51233,4
189.33610416666667,62.18258055555555,0.97845,4
189.48312916666669,62.2521,0.45619,4
189.515325,62.2657,0.10409,4
189.5383625,62.27721666666667,0.27767,4
189.38287499999998,62.20446666666667,0.9109,4
189.39105416666666,62.20595,1.21835,4
189.24084166666665,62.14091388888889,0.56026,4
189.38836666666666,62.20871944444445,0.51167,4
189.32299583333335,62.178980555555555,1.33929,4
189.31954166666668,62.17836111111111,0.82011,4
189.39479583333332,62.214511111111115,1.49104,3
189.33907083333332,62.18895555555555,0.65586,4
189.32246666666666,62.17964166666666,0.20182,4
189.47208333333336,62.24827777777778,0.51062,4
189.43413750000002,62.232844444444446,0.51161,4
189.25617916666667,62.14503333333333,0.70376,4
189.31414583333333,62.17610555555555,0.47453,3
189.39285833333335,62.21141388888889,0.85053,4
189.4690625,62.246947222222225,0.51155,4
